08.01.2015 21:19:26,"–ö–∞–¥—Ä—ã –∏–∑ —Ñ–∏–ª—å–º–∞ ¬´–ß–µ–ª–æ–≤–µ–∫-–º—É—Ä–∞–≤–µ–π¬ª",http://ok.ru/group/51444075266085/topic/63207964257061,51444075266085
08.01.2015 19:49:57,"–ù–æ–≤—ã–µ –∫–∞–¥—Ä—ã –∏–∑ '–ß–µ–ª–æ–≤–µ–∫–∞-–ú—É—Ä–∞–≤—å—è':",http://ok.ru/group/56781789724711/topic/63188713619495,56781789724711
08.01.2015 12:06:42,"–î–∞–Ω—è –®—Ç—ã—Ö –ß–ï–õ–û–í–ï–ö –ú–£–†–ê–í–ï–ô..–°–õ–´–®–¨ –î–ê–ù–ò–õ–ö–û!!–¢–´ –û–ü–Ø–¢–¨ –®–û–õ–ï –ù–ï –í–´–°–ü–ê–õ–°–Ø))–ú–ò–õ–´–ô –ú–û–ô))))–ü–ê–°–•–£ –û–¢–ú–ï–ß–ê–õ –í–ß–ï–†–ê –í–ú–ï–°–¢–û –†–û–ñ–î–ï–°–¢–í–ê –ë–õ–Ø–¢–¨ –•–†–ò–°–¢–û–í–ê?))))))–õ–û–õ–ö–ê –¢–´ –ù–ï–í–™–ï–ë–ï–ù–ù–ê–Ø –ë–õ–Ø))))–ê –¢–´ –ö–¢–û....–°–¢–†–ï–ö–û–ó–ê –®–û–õ–ï –Å–ü–¢–≠)))–û –ë–õ–Ø))))))–ê –ù–ê–°–¢–≠–≠–≠–≠–≠–≠–≠–ù–¨–ö–ê –¢–≤–û–Ø –°–¢–†–ï–ö–û–ó–ê –¢–ò–ü–ê)))))–°–ê–ú –¢–´ –ë–õ–Ø –ù–ê–°–ï–ö–û–ú–û–ï!!–í–®–ê!!!!!!–Ω—É —Ç—ã —Ç–∞–∫ –≤–æ—Ç –≤–∏–¥–∏—à—å—Å—è –º–Ω–µ))))))–±–ª–æ—à–µ—á–∫–∞)))) –ê –õ–Æ–î–ò-–≠–¢–û –õ–Æ–î–ò)—Ç–æ–ª—å–∫–æ –Ω–µ –¥–ª—è –≤–∞—Å —Ç–∞–∫–æ–µ —Å—á–∞—Å—Ç–∏–µ))))–Ω–∞ —Ç–µ–±–µ –≤–æ–Ω –ö–æ–ª—é—Ö—É –ø–æ—Å–ª—É—Ö–∞–π)))–ß–£–ë –†–£–õ–ò–¢ –Å–ü–¢–≠)))))",http://vk.com/wall245910625_6334,245910625
08.01.2015 11:10:28,"–ß–ï–õ–û–í–ï–ö –ú–£–†–ê–í–ï–ô",http://vk.com/wall261167556_5841,261167556
08.01.2015 11:09:58,"–ß–ï–õ–û–í–ï–ö –ú–£–†–ê–í–ï–ô",http://vk.com/wall245910625_6333,245910625
08.01.2015 06:20:44,"–ß–µ–ª–æ–≤–µ–∫-–ú—É—Ä–∞–≤–µ–π: –ø–µ—Ä–≤—ã–π –ø–æ–ª–Ω–æ—Ü–µ–Ω–Ω—ã–π —Ç—Ä–µ–π–ª–µ—Ä #–ß–µ–ª–æ–≤–µ–∫_–ú—É—Ä–∞–≤–µ–π #MARVEL #–ö–æ–º–∏–∫—Å—ã http://lookfor.org/journal/chelovek-muravey-pervyy-polnotsennyy-treyler/",http://ok.ru/group/53235976110309/topic/63180611783653,53235976110309
08.01.2015 02:38:06,"–ü–û–ö–û–ù –†–û–î–ê –ö–æ–Ω ‚Äì —ç—Ç–æ –æ—Å–Ω–æ–≤–∞. –£ –∫–∞–∂–¥–æ–≥–æ –ö–û–ù–∞ –µ—Å—Ç—å —Å–≤–æ–π –°–≤–æ–¥ –ü—Ä–∞–≤–∏–ª. –ñ–∏—Ç—å –ø–æ –ö–æ–Ω—É, –∑–Ω–∞—á–∏—Ç –≥–∞—Ä–º–æ–Ω–∏—á–Ω–æ –≤—Ö–æ–¥–∏—Ç—å –∏ –Ω–∞—Ö–æ–¥–∏—Ç—Å—è –≤–æ –í—Å–µ–ª–µ–Ω–Ω–æ–π, —Ü–µ–ª—å–Ω–æ –≤–∑–∞–∏–º–æ–¥–µ–π—Å—Ç–≤–æ–≤–∞—Ç—å —Å –ï–µ –∂–∏–≤—ã–º –æ—Ä–≥–∞–Ω–∏–∑–º–æ–º. –í—Ä–∞—â–µ–Ω–∏–µ –∏ –≤–Ω—É—Ç—Ä–µ–Ω–Ω–µ–µ —É—Å—Ç—Ä–æ–π—Å—Ç–≤–æ –ú–∏—Ä–æ–∑–¥–∞–Ω–∏—è ‚Äì —ç—Ç–æ –ü–æ–∫–æ–Ω –†–æ–¥–∞. –†–û–î ‚Äì —ç—Ç–æ –†–æ–¥–∏—Ç–µ–ª—å, –í—Å–µ–≤—ã—à–Ω–∏–π, —Ç–µ–ª–æ–º –∫–æ—Ç–æ—Ä–æ–≥–æ —è–≤–ª—è–µ—Ç—Å—è –Ω–∞—à–∞ –í—Å–µ–ª–µ–Ω–Ω–∞—è, —Å–æ –≤—Å–µ–º–∏ –ø–ª–∞–Ω–µ—Ç–∞–º–∏, –∑–≤–µ–∑–¥–Ω—ã–º–∏ —Å–∏—Å—Ç–µ–º–∞–º–∏ –∏ –æ–±–∏—Ç–∞–µ–º—ã–º–∏ –º–∏—Ä–∞–º–∏, –∂–∏–≤—É—â–∏–º–∏ –≤ –Ω–∏—Ö —Ñ–æ—Ä–º–∞–º–∏ –∂–∏–∑–Ω–∏, –ë–æ–≥–∞–º–∏ –∏ –ø–æ–ª—É–ë–æ–≥–∞–º–∏.  –û—Å–Ω–æ–≤–Ω–æ–π –ø—Ä–∏–Ω—Ü–∏–ø —É—Å—Ç—Ä–æ–π—Å—Ç–≤–∞ –ú–∏—Ä–æ–∑–¥–∞–Ω–∏—è, –æ—Å–Ω–æ–≤—ã–≤–∞–µ—Ç—Å—è –Ω–∞ –õ—é–±–≤–∏. –≠—Ç–æ –î–∞—Ä–µ–Ω–∏–µ –°–≤–µ—Ç–∞ –∂–∏–∑–Ω–∏, –∫–æ—Ç–æ—Ä–æ–µ –∏—Å—Ö–æ–¥–∏—Ç –∏–∑ –≥–ª—É–±–∏–Ω –í—Å–µ–ª–µ–Ω–Ω–æ–π(¬´–°–µ—Ä–¥—Ü–µ¬ª –†–æ–¥–∞¬ª) –∏ —Ä–∞—Å–ø–æ—Å—Ç—Ä–∞–Ω—è–µ—Ç—Å—è –ø–æ –≤—Å–µ–π –í—Å–µ–ª–µ–Ω–Ω–æ–π. –ü—Ä–∏—á–µ–º –î–ê–†–µ–Ω–∏–µ —ç—Ç–æ –±–µ–∑–í–æ–∑–º–µ–∑–¥–Ω–æ–µ ‚Äì —Ç.–µ –Ω–µ —Ç—Ä–µ–±—É—é—â–µ–µ –Ω–∏—á–µ–≥–æ –≤–∑–∞–º–µ–Ω. –ù–∞–ø—Ä–∏–º–µ—Ä, –Ø—Ä–∏–ª–æ-–°–æ–ª–Ω—Ü–µ –¥–µ–π—Å—Ç–≤—É–µ—Ç –∏ –∂–∏–≤–µ—Ç –ø–æ–ö–æ–Ω—É –†–æ–¥–∞ ‚Äì –¥–∞—Ä–∏—Ç –≤—Å–µ–≥–æ —Å–µ–±—è –∂–∏—Ç–µ–ª—è–º –º–∏—Ä–æ–≤ –°–æ–ª–Ω–µ—á–Ω–æ–π —Å–∏—Å—Ç–µ–º—ã, –Ω–µ —Ä–∞–∑–ª–∏—á–∞—è –∏—Ö –ø–æ —Ü–≤–µ—Ç—É –∫–æ–∂–∏ –∏–ª–∏ –Ω–∞–º–µ—Ä–µ–Ω–∏–π. –í —Ä–∞–∑—É–º–Ω–æ–π –ü—Ä–∏–†–æ–¥–µ, –ü–æ–∫–æ–Ω –†–æ–¥–∞ ‚Äì —ç—Ç–æ –µ—Å—Ç–µ—Å—Ç–≤–µ–Ω–Ω—ã–π –ø—Ä–æ—Ü–µ—Å—Å, –∫–æ—Ç–æ—Ä–æ–º—É –ø–æ–¥—á–∏–Ω—è—é—Ç—Å—è –≤—Å–µ –ë–æ–∂—å–∏ –¢–≤–æ—Ä–µ–Ω—å—è, –∫—Ä–æ–º–µ —Å–µ–≥–æ–¥–Ω–µ—à–Ω–µ–≥–æ —á–µ–ª–æ–≤–µ–∫–∞. –ú—É—Ä–∞–≤—å–∏ –∏ –ø—á–µ–ª—ã —Ç—Ä—É–¥—è—Ç—Å—è —Å–ª–µ–¥—É—è –ë–æ–∂–µ—Å—Ç–≤–µ–Ω–Ω–æ–π –ø—Ä–æ–≥—Ä–∞–º–º–µ. –û–Ω–∏ –Ω–µ —Ç—Ä–µ–±—É—é—Ç –Ω–∏—á–µ–≥–æ –≤–∑–∞–º–µ–Ω —Å–≤–æ–∏–º –¢—Ä—É–¥–∞–º. –í—ã–ø–æ–ª–Ω—è—è —Å–≤–æ–µ –ø—Ä–µ–¥–Ω–∞–∑–Ω–∞—á–µ–Ω–∏–µ ‚Äì –≥–∞—Ä–º–æ–Ω–∏—á–Ω–æ –≤–ø–∏—Å—ã–≤–∞–µ—à—å—Å—è –≤ –æ–±—â—É—é –ø—Ä–æ–≥—Ä–∞–º–º—É —Ä–∞–∑–≤–∏—Ç–∏—è. –ù–µ –≤—ã–ø–æ–ª–Ω—è—Ç—å –ø—Ä–µ–¥–Ω–∞–∑–Ω–∞—á–µ–Ω–∏–µ ‚Äì –≤—ã–±–∏–≤–∞—Ç—å—Å—è –∏–∑ –ø—Ä–æ–≥—Ä–∞–º–º—ã, —Å—Ç—Ä–∞–¥–∞—Ç—å, –±–æ–ª–µ—Ç—å –∏ —É–º–∏—Ä–∞—Ç—å.  –ß–µ–ª–æ–≤–µ—á–µ—Å–∫–∞—è —Ü–∏–≤–∏–ª–∏–∑–∞—Ü–∏—è –Ω–µ –≤—ã–ø–æ–ª–Ω—è–µ—Ç –±–æ–∂–µ—Å—Ç–≤–µ–Ω–Ω—É—é –ø—Ä–æ–≥—Ä–∞–º–º—É —Ä–∞–∑–≤–∏—Ç–∏—è. –û–Ω–∞ –ø–æ–¥–æ–±–Ω–∞ —Ä–∞–∫–æ–≤–æ–π –æ–ø—É—Ö–æ–ª–∏ –Ω–∞ —Ç–µ–ª–µ –ó–µ–º–ª–∏, –ø–æ—ç—Ç–æ–º—É –ª—é–¥–∏ —Å—Ç—Ä–∞–¥–∞—é—Ç, –±–æ–ª–µ—é—Ç –∏ –≤ –º—É–∫–∞—Ö —É–º–∏—Ä–∞—é—Ç. –ß–µ–ª–æ–≤–µ—á–µ—Å–∫–∞—è —Ü–∏–≤–∏–ª–∏–∑–∞—Ü–∏—è, –∂–∏–≤–µ—Ç –∑–∞–ö–æ–Ω–æ–º –†–æ–¥–∞, —Ç.–µ –≤ –ó–∞ –ö–æ–Ω–µ(–∑–∞ –ö–æ–Ω–æ–º, –∑–∞ –ë–æ–∂–µ—Å—Ç–≤–µ–Ω–Ω–æ–π –ü—Ä–∞–≤–¥–æ–π).  –ñ–∏—Ç—å –ø–æ –ö–æ–Ω—É –†–æ–¥–∞ ‚Äì –∑–Ω–∞—á–∏—Ç —Å–ª—ã—à–∞—Ç—å –î—É—à—É. –î—É—à–∞ ‚Äì —ç—Ç–æ –°–æ–≤–µ—Å—Ç—å. –ñ–∏–≤—è –ø–æ –°–æ–≤–µ—Å—Ç–∏, –ø—Ä–∏–±–ª–∏–∂–∞–µ—à—å—Å—è –∫ –ü–æ–∫–æ–Ω—É –†–æ–¥–∞, –Ω–∞—á–∏–Ω–∞–µ—à—å —Å–ª—ã—à–∞—Ç—å –∏ —á—É–≤—Å—Ç–≤–æ–≤–∞—Ç—å –ñ–ò–ó–ù–¨(. –ü—Ä–∏–±–ª–∏–∂–∞–µ—à—å—Å—è –∏ –∂–∏–≤–µ—à—å –≥–∞—Ä–º–æ–Ω–∏—á–Ω–æ —Å–æ—Å—É—â–µ—Å—Ç–≤—É—è —Å –∂–∏–≤—ã–º —Ç–µ–ª–æ–º –ø–ª–∞–Ω–µ—Ç—ã.  –ü–æ–∫–æ–Ω –†–æ–¥–∞ ‚Äì —ç—Ç–æ –ü—Ä–∞–≤—å, –ü—Ä–∞–≤–¥–∞. –ñ–∏—Ç—å –ø–æ –ü—Ä–∞–≤–∏, –∑–Ω–∞—á–∏—Ç –Ω–µ—Å—Ç–∏ —ç—Ç—É –ü—Ä–∞–≤—å(–ü—Ä–∞–≤–¥—É) –≤ –º–∏—Ä. –õ–æ–∂—å, –¥–∞–∂–µ –º–∞–ª–∞—è ‚Äì —ç—Ç–æ –∑–∞–±–≤–µ–Ω–∏–µ –ü—Ä–∞–≤–¥—ã. –ö–æ–≥–¥–∞ –ß–µ–ª–æ–≤–µ–∫ –ø—Ä–∏–Ω–∏–º–∞–µ—Ç –ü—Ä–∞–≤–¥—É –≤ —Å–≤–æ—é –∂–∏–∑–Ω—å, –û–Ω–∞ —Å—Ç–∞–Ω–æ–≤–∏—Ç—Å—è –µ–≥–æ –æ—Ä—É–∂–∏–µ–º. –ü–æ–∫–æ–Ω –†–æ–¥–∞ ‚Äì —ç—Ç–æ –õ—é–±–æ–≤—å –∫ —Å—É—â–µ–º—É. –ö —Ç–æ–º—É, —á—Ç–æ —Å–æ–¢–≤–æ—Ä–µ–Ω–æ –†–æ–¥–æ–º –∏ –æ—Ç–æ–±—Ä–∞–∂–∞–µ—Ç—Å—è –≤ –∂–∏–≤–æ–π –ü—Ä–∏–†–æ–¥–µ. –≠—Ç–æ —Ä–∞—Å—Ç–∏—Ç–µ–ª—å–Ω—ã–π –º–∏—Ä –∏ –º–∏—Ä –∂–∏–≤–æ—Ç–Ω—ã—Ö –î—Ä—É–≥–æ–≤. –≠—Ç–æ —Ü–∞—Ä—Å—Ç–≤–æ –∫–∞–º–Ω–µ–π –∏ –∏–Ω—ã—Ö —Ñ–æ—Ä–º –∂–∏–∑–Ω–∏, –∫–æ—Ç–æ—Ä—ã–µ –º—ã –Ω–µ –≤–∏–¥–∏–º, –Ω–æ –∏–Ω–æ–≥–¥–∞ –æ—â—É—â–∞–µ–º —Ç–æ–Ω–∫–∏–º–∏ –æ—Ä–≥–∞–Ω–∞–º–∏ —á—É–≤—Å—Ç–≤. –î—É—à–∞ –≤–æ–ø–ª–æ—â–µ–Ω–Ω–∞—è –≤ –Ø–≤–∏(–≤ —á–µ–ª–æ–≤–µ—á–µ—Å–∫–æ–º —Ç–µ–ª–µ) –∏ –∂–∏–≤—è –ø–æ –ö–æ–Ω—É –†–æ–¥–∞ –Ω–µ –∑–ª–æ–ß–∏–Ω—Å—Ç–≤—É–µ—Ç –∏ –Ω–µ –≥—É–±–∏—Ç –ü—Ä–∏–†–æ–¥—É. –¢–∞–∫–æ–π –ß–µ–ª–æ–≤–µ–∫ –±–µ–∑ –Ω—É–∂–¥—ã –Ω–µ —Å–ª–æ–º–∞–µ—Ç –≤–µ—Ç–∫—É, –Ω–µ –ø–æ–≥—É–±–∏—Ç –∫–≤–µ—Ç–∫—É, –Ω–µ –æ–±–∏–¥–∏—Ç –∂–∏–≤–æ—Ç–Ω–æ–µ. –ü–æ–µ–¥–∞–Ω–∏–µ –∂–∏–≤–æ—Ç–Ω—ã—Ö, —Ç.–µ —Ç–µ—Ö –∫–æ–≥–æ –ß–µ–ª–æ–≤–µ–∫ –¥–æ–ª–∂–µ–Ω —Å–±–µ—Ä–µ–≥–∞—Ç—å –∏ –ø–æ–º–æ–≥–∞—Ç—å –≤ –¥—É—Ö–æ–≤–Ω–æ–º —Ä–∞–∑–≤–∏—Ç–∏–∏ –∏ —Å—Ç–∞–Ω–æ–≤–ª–µ–Ω–∏–∏ ‚Äì —ç—Ç–æ –∑–∞–±–≤–µ–Ω–∏–µ –ü–æ–∫–æ–Ω–∞ –†–æ–¥–∞. –ü–æ–µ–¥–∞–Ω–∏–µ –∂–∏–≤–æ—Ç–Ω—ã—Ö –î—Ä—É–≥–æ–≤ ‚Äì —Å—Ç—Ä–∞—à–Ω–µ–π—à–µ–µ –ø—Ä–µ—Å—Ç—É–ø–ª–µ–Ω–∏–µ –ø—Ä–æ—Ç–∏–≤ –≤—Å–µ–ª–µ–Ω–Ω–æ–π, –ø—Ä–æ—Ç–∏–≤ —Å–∞–º–æ–π –∂–∏–∑–Ω–∏ –∏ –ü—Ä–∏–†–æ–¥—ã. –¢–∞–∫–æ–π —á–µ–ª–æ–≤–µ–∫ –Ω–µ –º–æ–∂–µ—Ç –Ω–∞–∑—ã–≤–∞—Ç—å—Å—è —Ä–∞–∑—É–º–Ω—ã–º –∏ –ø–æ —É—Ä–æ–≤–Ω—é —Å–≤–æ–µ–≥–æ —Ä–∞–∑–≤–∏—Ç–∏—è –ø—Ä–∏–±–ª–∏–∂–µ–Ω –∫ —Ç–µ–º –∂–∏–≤–æ—Ç–Ω—ã–º, –∫–æ—Ç–æ—Ä—ã—Ö –æ–Ω —Ç–∞–∫ –±–µ–∑–∂–∞–ª–æ—Å—Ç–Ω–æ –∏—Å—Ç—Ä–µ–±–ª—è–µ—Ç. –ñ–∏–∑–Ω—å —Ç–∞–∫–æ–≥–æ —Å—É—â–µ—Å—Ç–≤–∞ –ø—Ä–∞–∫—Ç–∏—á–µ—Å–∫–∏ –Ω–µ –∏–º–µ–µ—Ç —Ü–µ–Ω–Ω–æ—Å—Ç–∏, –ø–æ—Ç–æ–º—É –∫–∞–∫ —Ç–∞–∫–æ–π —á–µ–ª–æ–≤–µ–∫ —Å–∞–º –Ω–µ —Ü–µ–Ω–∏—Ç –î–∞—Ä –ñ–∏–∑–Ω–∏ –∏ –≤—ã—Å—Ç—É–ø–∞–µ—Ç –≤ —Ä–æ–ª–∏ –ï–µ –ª–∏–∫–≤–∏–¥–∞—Ç–æ—Ä–∞! –ò –ø–æ –ö–∞–Ω–æ–Ω—É –ø—Ä–∏—á–∏–Ω–Ω–æ-—Å–ª–µ–¥—Å—Ç–≤–µ–Ω–Ω–æ–π —Å–≤—è–∑–∏, –¥–∞–µ—Ç –ø—Ä–∞–≤–æ –¥—Ä—É–≥–∏–º –ø–∞—Ä–∞–∑–∏—Ç–∏—á–µ—Å–∫–∏–º –∏–Ω–æ–ø–ª–∞–Ω–µ—Ç–Ω—ã–º —Ü–∏–≤–∏–ª–∏–∑–∞—Ü–∏—è–º —Ä–∞—Å—Å–º–∞—Ç—Ä–∏–≤–∞—Ç—å —á–µ–ª–æ–≤–µ—á–µ—Å—Ç–≤–æ –≤ –∫–∞—á–µ—Å—Ç–≤–µ —Å–∫–æ—Ç–∞, —á—Ç–æ –æ–Ω–∏ –∏ –¥–µ–ª–∞—é—Ç, –∏—Å–ø–æ–ª—å–∑—É—è –ó–µ–º–ª—é –∏ —Å–º–æ—Ç—Ä—è –Ω–∞ –Ω–µ–µ –∫–∞–∫ –º—è—Å–æ–µ–¥ —Å–º–æ—Ç—Ä–∏—Ç –Ω–∞ —Å–∫–æ—Ç–æ–±–æ–π–Ω—é –∏ –∏—Å–ø–æ–ª—å–∑—É—è —á–µ–ª–æ–≤–µ—á–µ—Å—Ç–≤–æ –∫–∞–∫ –±—Ä–æ–π–ª–µ—Ä–Ω—ã–π –º–∞—Ç–µ—Ä–∏–∞–ª. –≠—Ç–æ —è–≤–ª—è–µ—Ç—Å—è –æ–¥–Ω–æ–π –∏–∑ –≥–ª–∞–≤–Ω—ã—Ö –ø—Ä–∏—á–∏–Ω –≤–Ω–µ–¥—Ä–µ–Ω–∏—è –∫–æ—Å–º–∏—á–µ—Å–∫–∏—Ö –ø–∞—Ä–∞–∑–∏—Ç–æ–≤ –≤ –ø—Ä–æ—Å—Ç—Ä–∞–Ω—Å—Ç–≤–æ –¢–µ—Ä—Ä—ã(–¢–µ—Ä–µ–º –†–ê,- –ó–µ–º–ª—è-–ú–∞—Ç—É—à–∫–∞). –ü—Ä–æ–≥—Ä–∞–º–º–æ–π –†–æ–¥–∞, –Ω–∞ –¥–∞–Ω–Ω–æ–º —ç—Ç–∞–ø–µ —Ä–∞–∑–≤–∏—Ç–∏—è, –ß–µ–ª–æ–≤–µ–∫—É –ø—Ä–µ–¥—É—Å–º–æ—Ç—Ä–µ–Ω–æ –ø–∏—Ç–∞–Ω–∏–µ —Å–ø–µ—Ü–∏–∞–ª—å–Ω–æ –¥–ª—è –Ω–µ–≥–æ –≤—ã—Ä–∞—â–µ–Ω–Ω—ã–º–∏ –ø–ª–æ–¥–∞–º–∏. –≠—Ç–æ —è–±–ª–æ–∫–∏, –≥—Ä—É—à–∏, —Å–ª–∏–≤—ã, –æ—Ä–µ—Ö–∏ –∏ –¥—Ä—É–≥–∏–µ –ü—Ä–∏–†–æ–¥–Ω—ã–µ –æ—Ä–≥–∞–Ω–∏–∑–º—ã, –ø—Ä–∏ –ø–∏—Ç–∞–Ω–∏–∏ –∫–æ—Ç–æ—Ä—ã–º–∏, –Ω–µ —Å—Ç—Ä–∞–¥–∞–µ—Ç –Ω–∏–∫—Ç–æ. –ù–∞–ø—Ä–∏–º–µ—Ä, - —è–±–ª–æ–Ω—è —Å–∞–º–∞ –≤—ã—Ä–∞—â–∏–≤–∞–µ—Ç –ø–ª–æ–¥—ã, –∑–∞–±–æ—Ç–ª–∏–≤–æ –Ω–∞–ø–æ–ª–Ω—è—è –∏—Ö –°–∏–ª–æ–π –∏ —ç–Ω–µ—Ä–≥–∏–µ–π, –∑–∞—Ç–µ–º —Ä–æ–≤–Ω–æ –≤ —Å–≤–æ–π —Å—Ä–æ–∫, –∫–æ–≥–¥–∞ —è–±–ª–æ–∫–æ —Å–æ–±—Ä–∞–ª–æ –º–∞–∫—Å–∏–º—É–º –ø–æ–ª–µ–∑–Ω—ã—Ö –≤–µ—â–µ—Å—Ç–≤, —Å–∞–º–æ –ø–∞–¥–∞–µ—Ç —Å –¥–µ—Ä–µ–≤–∞ –ø—Ä—è–º–æ –≤ –Ω–∞—à—É –ª–∞–¥–æ–Ω—å. –í –ñ–∏–≤–æ–π –ü—Ä–∏–†–æ–¥–µ –≤—Å–µ –ø—Ä–æ–¥—É–º–∞–Ω–Ω–æ, –≥–∞—Ä–º–æ–Ω–∏—á–Ω–æ –∏ –ú—É–¥—Ä–æ!  –ö–∞–∫ –æ–ø—Ä–µ–¥–µ–ª–∏—Ç—å, –∂–∏–≤–µ—Ç –ª–∏ —á–µ–ª–æ–≤–µ–∫ –ø–æ–ö–æ–Ω—É –†–æ–¥–∞?  –ò—Ç–∞–∫, –∂–∏–∑–Ω—å –ø–æ –ö–æ–Ω—É –†–æ–¥–∞ ‚Äì –∂–∏–∑–Ω—å –≤ –ì–∞—Ä–º–æ–Ω–∏–∏ —Å –ü—Ä–∏–†–æ–¥–æ–π, –í—Å–µ–ª–µ–Ω–Ω–æ–π. –í–ï–î–ê—é—â–∏–π –†–æ–¥–∞ –ß–µ–ª–æ–≤–µ–∫, –ù–ò–ö–û–ì–î–ê –Ω–µ —Å—Ç–∞–Ω–µ—Ç —É–Ω–∏—á—Ç–æ–∂–∞—Ç—å –¢–≤–æ—Ä–µ–Ω–∏—è —Å–≤–æ–µ–≥–æ –†–û–î–∏—Ç–µ–ª—è, –ø–æ–µ–¥–∞—è –∂–∏–≤–æ—Ç–Ω—ã—Ö. –ü—Ä–∏—á–µ–º, –µ—Å–ª–∏ —á–µ–ª–æ–≤–µ–∫ –Ω–µ –ø–∏—Ç–∞–µ—Ç—Å—è –º–µ—Ä—Ç–≤—è—á–∏–Ω–æ–π, —ç—Ç–æ —Å–æ–≤—Å–µ–º –Ω–µ –∑–Ω–∞—á–∏—Ç —á—Ç–æ –æ–Ω –∂–∏–≤–µ—Ç –ø–æ –ö–æ–Ω—É –†–æ–¥–∞. –¢–∞–∫–æ–π —á–µ–ª–æ–≤–µ–∫ –º–æ–≥ –æ—Ç–∫–∞–∑–∞—Ç—å—Å—è –æ—Ç –º—è—Å–∞ –ø–æ –ø—Ä–∏—á–∏–Ω–µ —É–ª—É—á—à–µ–Ω–∏—è –∑–¥–æ—Ä–æ–≤—å—è, –∞ –Ω–µ –æ—Ç —Ç–æ–≥–æ, —á—Ç–æ –ø–æ—á–∏—Ç–∞–µ—Ç –ñ–∏–∑–Ω—å –∏ –¢–≤–æ—Ä–µ–Ω–∏—è –†–æ–¥–∞, –õ—é–±—è –∏—Ö. –ñ–∏–≤—É—â–∏–π –ø–æ –ö–æ–Ω—É, –∑–¥–æ—Ä–æ–≤ –¥—É—Ö–æ–≤–Ω–æ –∏ —Ñ–∏–∑–∏—á–µ—Å–∫–∏. –ü—Ä–æ–µ–∫—Ü–∏—è —Ñ–∏–∑–∏—á–µ—Å–∫–æ–≥–æ —Ç–µ–ª–∞ ‚Äì —ç—Ç–æ –æ—Ç—Ä–∞–∂–µ–Ω–∏–µ –î—É—à–∏. –ï—Å–ª–∏ –±–æ–ª—å–Ω–∞ –î—É—à–∞, —Ç–æ –∫–∞–∫ —Å–ª–µ–¥—Å—Ç–≤–∏–µ ‚Äì –∑–∞–±–æ–ª–µ–≤–∞–µ—Ç –∏ —Ç–µ–ª–æ. –û—Ç –¥—É—Ö–æ–≤–Ω–æ –∑–¥–æ—Ä–æ–≤–æ–≥–æ –ß–µ–ª–æ–≤–µ–∫–∞ –∏—Å—Ö–æ–¥–∏—Ç –°–≤–µ—Ç –∏ –î–æ–±—Ä–æ, –¥—É—à–µ–≤–Ω–∞—è —Ç–µ–ø–ª–æ—Ç–∞, —Ç–µ–ª–æ —Ç–∞–∫–æ–≥–æ –ß–µ–ª–æ–≤–µ–∫–∞ –∑–¥–æ—Ä–æ–≤–æ. –ñ–∏–∑–Ω—å –ß–µ–ª–æ–≤–µ–∫–∞, –∂–∏–≤—É—â–µ–≥–æ –ø–æ –ö–æ–Ω—É –†–æ–¥–∞, –Ω–∞–ø–æ–ª–Ω–µ–Ω–∞ –†–ê-–î–∞—Å—Ç—å—é. –¢–∞–∫–æ–π –ß–µ–ª–æ–≤–µ–∫ –∏–º–µ–µ—Ç –∫—Ä–µ–ø–∫—É—é –°–µ–º—å—é –∏ –ó–¥–æ—Ä–æ–≤—ã—Ö –î–µ—Ç–æ–∫. –£ –Ω–µ–≥–æ –≤—Å–µ–≥–¥–∞ –µ—Å—Ç—å –≤—Å–µ, —á—Ç–æ –µ–º—É –Ω–µ–æ–±—Ö–æ–¥–∏–º–æ –Ω–∞ –¥–∞–Ω–Ω—ã–π –º–æ–º–µ–Ω—Ç –≤—Ä–µ–º–µ–Ω–∏. –ü—Ä–∏—á–µ–º —ç—Ç–æ –Ω–µ –∏–∑–ª–∏—à–Ω—è—è —Ä–æ—Å–∫–æ—à—å, –Ω–æ –∏ –Ω–µ –∫—Ä–æ–º–µ—à–Ω–∞—è –Ω–∏—â–µ—Ç–∞. –ñ–∏–≤—É—â–∏–π –ø–æ –ö–æ–Ω—É –†–æ–¥–∞, –∂–∏–≤–µ—Ç –ø–æ –ü—Ä–∞–≤–¥–µ –∏ —Å –ü—Ä–∞–≤–¥–æ–π. –®–µ—Å—Ç–≤—É–µ—Ç –ø–æ –ü—É—Ç–∏ –ü—Ä–∞–≤–∏! –ü—Ä–∞–≤–¥–∞ –æ–∫—Ä—ã–ª—è–µ—Ç. –î–∞–∂–µ –∫–æ–≥–¥–∞ –æ–Ω–∞ –º–æ–∂–µ—Ç —Å—Ç–æ–∏—Ç—å –∂–∏–∑–Ω–∏, –ß–µ–ª–æ–≤–µ–∫ –ü–æ–∫–æ–Ω–∞ —Å–ª–µ–¥—É–µ—Ç –ï–π! –í —Ç–∞–∫–æ–º —Å–ª—É—á–∞–µ, –û–Ω –æ–±—Ä–µ—Ç–∞–µ—Ç –ú–æ—â—å, –ü–æ–º–æ—â—å –∏ –ø–æ–∫—Ä–æ–≤–∏—Ç–µ–ª—å—Å—Ç–≤–æ –ë–æ–≥–æ–≤! –ü—Ä–∞–≤–¥–∞ —Å—Ç–∞–Ω–æ–≤–∏—Ç—Å—è –º–æ–≥—É—á–∏–º –æ—Ä—É–∂–∏–µ–º .  –ü–æ–∫–æ–Ω –†–æ–¥–∞ ‚Äì —ç—Ç–æ —É–Ω–∏–≤–µ—Ä—Å–∞–ª—å–Ω–æ–µ –ø—Ä–∞–≤–∏–ª–æ, –ø–æ –∫–æ—Ç–æ—Ä–æ–º—É –¥–≤–∏–∂–µ—Ç—Å—è, –∂–∏–≤–µ—Ç –∏ —Ä–∞–∑–≤–∏–≤–∞–µ—Ç—Å—è –í—Å–µ–ª–µ–Ω–Ω–∞—è. –≠—Ç–æ—Ç –±–æ–ª—å—à–æ–π –∫–æ—Å–º–∏—á–µ—Å–∫–∏–π –ü–æ–∫–æ–Ω, –¥–µ–ª–∏—Ç—Å—è –Ω–∞ –º–µ–Ω—å—à–∏–µ –ø–æ —Ä–∞–∑–º–µ—Ä–∞–º –ö–æ–Ω—ã. –≠—Ç–æ –º–µ–Ω—å—à–∏–µ –∫—Ä—É–≥–∏, –ø—Ä–æ—Ö–æ–¥—è –∫–æ—Ç–æ—Ä—ã–µ –≤ —Å–≤–æ–µ–º —Ä–∞–∑–≤–∏—Ç–∏–∏ –ø–æ–¥–Ω–∏–º–∞–µ—à—å—Å—è –≤—ã—à–µ, –≤ —Å–ø–∏—Ä–∞–ª—å–Ω–æ–º –ø–æ—Ä—è–¥–∫–µ. –ö–∞—Å–∞—Ç–µ–ª—å–Ω–æ —ç–≤–æ–ª—é—Ü–∏–∏ –î—É—à–∏ - —ç—Ç–æ –ö–∞–Ω–æ–Ω—ã –°–æ–≤–µ—Å—Ç–∏, –ü—Ä–∞–≤–¥—ã, –ö–∞–Ω–æ–Ω –¶–µ–ª–æ–ú—É–¥—Ä–∏—è(–ü–æ–∫–æ–Ω –õ–∞–¥—ã).. –¢–∞–∫–∂–µ —Å—É—â–µ—Å—Ç–≤—É—é—Ç –ü–æ–∫–æ–Ω—ã –∑–≤–µ–∑–¥–Ω—ã—Ö —Å–∏—Å—Ç–µ–º, –ø–ª–∞–Ω–µ—Ç –∏ –æ—Ç–¥–µ–ª—å–Ω–æ –≤–∑—è—Ç—ã—Ö –†–æ–¥–æ–≤(–ü—Ä–∞–≤–¥–∞(—É—Å—Ç–æ–∏) —Å–∞–º–æ–≥–æ —Ä–æ–¥–∞, –≤ –∫–æ—Ç–æ—Ä–æ–º –≤–æ–ø–ª–æ—Ç–∏–ª–∞—Å—å –î—É—à–∞). –ù–∞–ø—Ä–∏–º–µ—Ä, –µ—Å–ª–∏ –†–û–î –í–∏—Ç—è–∑–µ–π, —Ç–æ —ç—Ç–æ –º–æ–∂–µ—Ç –±—ã—Ç—å –ö–∞–Ω–æ–Ω –°–≤–µ–Ω—Ç–æ–≤–∏—Ç–∞. .  –ü–æ–∫–æ–Ω –ó–µ–º–ª–∏ ‚Äì–ú–∞—Ç—É—à–∫–∏ ‚Äì —ç—Ç–æ –î–≤–∏–∂–µ–Ω–∏–µ –∏ —É—Å—Ç—Ä–æ–π—Å—Ç–≤–æ –Ω–∞—à–µ–≥–æ –º–∏—Ä–∞, –Ω–∞—à–µ–π –ø–ª–∞–Ω–µ—Ç—ã. –ù–∞–ø—Ä–∏–º–µ—Ä, —á—Ç–æ–±—ã –≥–∞—Ä–º–æ–Ω–∏—á–Ω–æ –≤–æ–π—Ç–∏ –≤ –ö–û–ù –Ω–∞—à–µ–π –ø–ª–∞–Ω–µ—Ç—ã, –Ω–µ–æ–±—Ö–æ–¥–∏–º–æ –∂–∏—Ç—å –≤ —Å–æ–æ—Ç–≤–µ—Ç—Å—Ç–≤–∏–∏ —Å –ï–µ –≤–Ω—É—Ç—Ä–µ–Ω–Ω–∏–º –ü—Ä–∏–†–æ–¥–Ω—ã–º —É—Å—Ç–æ–µ–º ‚Äì –≤—Å—Ç—Ä–µ—á–∞—Ç—å –ø—Ä–∏–†–û–¥–Ω—ã–µ –ü—Ä–∞–∑–¥–Ω–∏–∫–∏, –≤–æ –≤—Ä–µ–º—è –∫–æ—Ç–æ—Ä—ã—Ö –ó–µ–º–ª—è –ø—Ä–æ—Ö–æ–¥–∏—Ç —á–µ—Ä–µ–∑ —á–µ—Ä–µ–¥—É –∫–æ—Å–º–∏—á–µ—Å–∫–∏—Ö –ß–µ—Ä—Ç–æ–≥–æ–≤ –∏ –ó–≤–µ–∑–¥–Ω—ã—Ö –í—Ä–∞—Ç. –í–æ–π—Ç–∏ –≤ –≥–æ–¥–æ–≤–æ–π –∫—Ä—É–≥, –∑–Ω–∞—á–∏—Ç –≤–æ–π—Ç–∏ –≤ –ø–æ–ª–µ –ø–ª–∞–Ω–µ—Ç—ã, –¥—ã—à–∞—Ç—å —Å –Ω–µ–π –≤ —É–Ω–∏—Å–æ–Ω, –∫–∞–∫ —ç—Ç–æ –¥–µ–ª–∞—é—Ç –≤—Å–µ –¶–∞—Ä—Å—Ç–≤–∞ –∂–∏–∑–Ω–∏ ‚Äì –æ—Ç –º–µ–ª–∫–∏—Ö —Ä–∞—Å—Ç–µ–Ω–∏–π, –¥–æ –∫—Ä—É–ø–Ω—ã—Ö –∂–∏–≤–æ—Ç–Ω—ã—Ö. –£ —Ç–∞–∫–æ–≥–æ –ß–µ–ª–æ–≤–µ–∫–∞ –≤–∫–ª—é—á–∞–µ—Ç—Å—è –∏ –¥—É—Ö–æ–≤–Ω—ã–π –æ—Ä–≥–∞–Ω–∏–∑–º –∏ —Ñ–∏–∑–∏—á–µ—Å–∫–∏–π.  –ú—ã —Å—Ç–æ–∏–º –Ω–∞ –ø–æ—Ä–æ–≥–µ –∑–∞ –∫–æ—Ç–æ—Ä—ã–º –≤–æ–∑–º–æ–∂–µ–Ω –†–∞–°–≤–µ—Ç –∏ –í–æ–∑—Ä–æ–∂–¥–µ–Ω–∏–µ. –ù–æ –í–æ–∑—Ä–æ–∂–¥–µ–Ω–∏–µ –Ω–∞—á–∏–Ω–∞–µ—Ç—Å—è —Å –í–æ–∑—Ä–æ–∂–¥–µ–Ω–∏—è –î—É—Ö–∞ –∏ –î—É—à–∏. –°—Ç–∞–Ω–æ–≤—è—Å—å —Å–≤—è—Ç–æ–∑–∞—Ä–Ω—ã–º–∏ –ø-–†–ê-–í–ï–î–Ω–∏–∫–∞–º–∏ –∏ –≤–æ–ø–ª–æ—â–∞—è —Å–≤–æ–µ–π –∂–∏–∑–Ω—å—é –ü–æ–∫–æ–Ω –†–æ–¥–∞, –º—ã –ø–æ–¥–Ω–∏–º–∞–µ–º —Å–≤–æ–π –¥—É—Ö–æ–≤–Ω—ã–π –ø–æ—Ç–µ–Ω—Ü–∏–∞–ª –∏ —Å—Ç–∞–Ω–æ–≤–∏–º—Å—è –∂–∏–≤–æ–π –∏ –∑–¥–æ—Ä–æ–≤–æ–π –∫–ª–µ—Ç–æ—á–∫–æ–π, –≤ –æ–≥—Ä–æ–º–Ω–æ–º —Ç–µ–ª–µ –†–æ–¥–∞- –í—Å–µ–ª–µ–Ω–Ω–æ–π. –ê –æ–¥–Ω–∞ –∫–ª–µ—Ç–æ—á–∫–∞, —Å–ø–æ—Å–æ–±–Ω–∞ –∏—Å—Ü–µ–ª–∏—Ç—å –∏ –¥—Ä—É–≥–∏–µ –∫–ª–µ—Ç–æ—á–∫–∏, –Ω–∞—Ö–æ–¥—è—â–∏–µ—Å—è —Ä—è–¥–æ–º —Å –Ω–µ–π. –°–≤–æ–∏–º –ª–∏—á–Ω—ã–º –ø—Ä–∏–º–µ—Ä–æ–º –∑–∞–∂–∏–≥–∞—é—Ç—Å—è –î—É—à–∏ –∏ –°–µ—Ä–¥—Ü–∞ –ß–µ–ª–æ–≤–µ—á–µ—Å–∫–∏–µ. –ù–∞—Å—Ç—É–ø–µ—Ç –í–µ—Å–Ω–∞ –ó–µ–º–ª–∏ –∏ –ü–æ–∫–æ–Ω –í—Å–µ–ª–µ–Ω–Ω–æ–π –í–æ–∑—Ä–æ–∂–¥–∞–µ—Ç—Å—è –ø–æ–¥ –ï–µ –≥–æ–ª—É–±—ã–º–∏ –Ω–µ–±–µ—Å–∞–º–∏..  –°–ª–∞–≤–∞ –†–æ–¥—É!",http://ok.ru/profile/527145768441/statuses/63206985957625,527145768441
08.01.2015 00:37:40,"–ß–µ–ª–æ–≤–µ–∫-–º—É—Ä–∞–≤–µ–π ‚Äì –ø–µ—Ä–≤—ã–π —Ç—Ä–µ–π–ª–µ—Ä",http://vk.com/wall271030816_89,271030816
08.01.2015 00:37:25,"–ù–µ—É—Ç–æ–º–∏–º—ã–π, –¥–µ–ª–æ–≤–æ–π –∏ –æ–±–∞—è—Ç–µ–ª—å–Ω—ã–π –ò–≥–æ—Ä—å –ü–æ—Ç–∞–ø–æ–≤, –æ–¥–Ω–∏–º –∏–∑ –ø–µ—Ä–≤—ã—Ö –ø–æ–∫–æ–Ω—á–∏–≤ —Å –Ω–æ–≤–æ–≥–æ–¥–Ω–µ-—Ä–æ–∂–¥–µ—Å—Ç–≤–µ–Ω—Å–∫–∏–º–∏ –∫–∞–Ω–∏–∫—É–ª–∞–º–∏, –ø—Ä–∏—Å–ª–∞–ª –Ω–æ–≤–æ—Å—Ç—å –¥–ª—è –≤—Å–µ—Ö –ª—é–±–∏—Ç–µ–ª–µ–π –∫–æ–º–∏–∫—Å–æ–≤, –∫ –∫–æ—Ç–æ—Ä—ã–º –æ—Ç–Ω–æ—Å–∏—Ç—Å—è –∏ –º–æ–π 26-–ª–µ—Ç–Ω–∏–π —Å—ã–Ω –ú–∏—Ö–∞–ª –ú–∏—Ö–∞–ª—ã—á –°–∞–¥—á–∏–∫–æ–≤: '–£–≤–∞–∂–∞–µ–º—ã–µ –∫–æ–ª–ª–µ–≥–∏! –†–∞–¥—ã –ø–æ–¥–µ–ª–∏—Ç—å—Å—è —Å –≤–∞–º–∏ –ø–µ—Ä–≤—ã–º –ª–æ–∫–∞–ª–∏–∑–æ–≤–∞–Ω–Ω—ã–º —Ç—Ä–µ–π–ª–µ—Ä–æ–º –∫ –Ω–æ–≤–æ–º—É –ø—Ä–∏–∫–ª—é—á–µ–Ω—á–µ—Å–∫–æ–º—É –±–ª–æ–∫–±–∞—Å—Ç–µ—Ä—É MARVEL ¬´–ß–µ–ª–æ–≤–µ–∫-–º—É—Ä–∞–≤–µ–π¬ª, –∑–∞–ø–ª–∞–Ω–∏—Ä–æ–≤–∞–Ω–Ω–æ–º—É –∫ –≤—ã—Ö–æ–¥—É –≤ –ø—Ä–æ–∫–∞—Ç –ª–µ—Ç–æ–º 2015 –≥–æ–¥–∞. –û—Å–Ω–æ–≤–∞–Ω–Ω—ã–π –Ω–∞ –≤–ø–µ—Ä–≤—ã–µ –∏–∑–¥–∞–Ω–Ω–æ–º –≤ 1962 –≥–æ–¥—É –∫–æ–º–∏–∫—Å–µ MARVEL ¬´–ß–µ–ª–æ–≤–µ–∫-–º—É—Ä–∞–≤–µ–π¬ª, —Ñ–∏–ª—å–º –ø—Ä–æ–¥–æ–ª–∂–∏—Ç —Å–µ—Ä–∏—é —ç–ø–∏—á–µ—Å–∫–∏—Ö –∫–∞—Ä—Ç–∏–Ω –æ —Å—É–ø–µ—Ä-–≥–µ—Ä–æ—è—Ö MARVEL, —Ç–∞–∫–∏—Ö –∫–∞–∫ ¬´–ñ–µ–ª–µ–∑–Ω—ã–π —á–µ–ª–æ–≤–µ–∫¬ª, ¬´–ù–µ–≤–µ—Ä–æ—è—Ç–Ω—ã–π –•–∞–ª–∫¬ª, ¬´–ñ–µ–ª–µ–∑–Ω—ã–π —á–µ–ª–æ–≤–µ–∫ 2¬ª, ¬´–¢–æ—Ä¬ª, ¬´–ü–µ—Ä–≤—ã–π –º—Å—Ç–∏—Ç–µ–ª—å¬ª, ¬´–ú—Å—Ç–∏—Ç–µ–ª–∏¬ª, ¬´–ñ–µ–ª–µ–∑–Ω—ã–π –ß–µ–ª–æ–≤–µ–∫ 3¬ª, ¬´–¢–æ—Ä 2: –¶–∞—Ä—Å—Ç–≤–æ –¢—å–º—ã¬ª, ¬´–ü–µ—Ä–≤—ã–π –º—Å—Ç–∏—Ç–µ–ª—å: –î—Ä—É–≥–∞—è –≤–æ–π–Ω–∞¬ª, ¬´–°—Ç—Ä–∞–∂–∏ –≥–∞–ª–∞–∫—Ç–∏–∫–∏¬ª –∏ —Ñ–∏–ª—å–º ¬´–ú—Å—Ç–∏—Ç–µ–ª–∏: –≠—Ä–∞ –ê–ª—å—Ç—Ä–æ–Ω–∞¬ª, –∫–æ—Ç–æ—Ä—ã–π –≤—ã–π–¥–µ—Ç –≤ –ø—Ä–æ–∫–∞—Ç –≤–µ—Å–Ω–æ–π 2015 –≥–æ–¥–∞. –ë–ª–∞–≥–æ–¥–∞—Ä—è –Ω–µ–æ–±—ã—á–Ω–æ–º—É –≤—ã—Å–æ–∫–æ—Ç–µ—Ö–Ω–æ–ª–æ–≥–∏—á–Ω–æ–º—É –∫–æ—Å—Ç—é–º—É –º–µ–ª–∫–∏–π –º–æ—à–µ–Ω–Ω–∏–∫ –°–∫–æ—Ç—Ç –õ—ç–Ω–≥ –ø–æ–ª—É—á–∞–µ—Ç —Å–ø–æ—Å–æ–±–Ω–æ—Å—Ç—å —É–º–µ–Ω—å—à–∞—Ç—å—Å—è –≤ —Ä–∞–∑–º–µ—Ä–µ, –ø—Ä–∏ —ç—Ç–æ–º —Å–æ—Ö—Ä–∞–Ω—è—è —Å–≤–æ—é —Å–∏–ª—É. –ü–æ–¥ —Ä—É–∫–æ–≤–æ–¥—Å—Ç–≤–æ–º –∏–∑–æ–±—Ä–µ—Ç–∞—Ç–µ–ª—è —á—É–¥–æ-–∫–æ—Å—Ç—é–º–∞, —Ç–∞–ª–∞–Ω—Ç–ª–∏–≤–æ–≥–æ —É—á–µ–Ω–æ–≥–æ –•—ç–Ω–∫–∞ –ü–∏–º–∞, –°–∫–æ—Ç—Ç –¥–æ–ª–∂–µ–Ω –Ω–∞–π—Ç–∏ –≤ —Å–µ–±–µ —Å–∏–ª—ã —Å—Ç–∞—Ç—å –Ω–∞—Å—Ç–æ—è—â–∏–º –≥–µ—Ä–æ–µ–º –∏ –∑–∞—â–∏—Ç–∏—Ç—å –º–∏—Ä –æ—Ç –Ω–∞–¥–≤–∏–≥–∞—é—â–µ–π—Å—è —É–≥—Ä–æ–∑—ã. –ü–∏–º –∏ –õ—ç–Ω–≥ –¥–æ–ª–∂–Ω—ã —Å–ø–ª–∞–Ω–∏—Ä–æ–≤–∞—Ç—å –∏ —É—Å—Ç—Ä–æ–∏—Ç—å –æ–≥—Ä–∞–±–ª–µ–Ω–∏–µ –≤–µ–∫–∞, –æ—Ç –∫–æ—Ç–æ—Ä–æ–≥–æ –∑–∞–≤–∏—Å–∏—Ç —Å—É–¥—å–±–∞ —á–µ–ª–æ–≤–µ—á–µ—Å—Ç–≤–∞‚Ä¶ –†–µ–∂–∏—Å—Å–µ—Ä–æ–º –∫–∞—Ä—Ç–∏–Ω—ã —Å—Ç–∞–ª –ü–µ–π—Ç–æ–Ω –†–∏–¥, –≤ –≥–ª–∞–≤–Ω—ã—Ö —Ä–æ–ª—è—Ö - –ü–æ–ª –†–∞–¥–¥ –≤ —Ä–æ–ª–∏ –°–∫–æ—Ç—Ç–∞ –õ—ç–Ω–≥–∞, —Ç–∞–∫–∂–µ –∏–∑–≤–µ—Å—Ç–Ω–æ–≥–æ –∫–∞–∫ –ß–µ–ª–æ–≤–µ–∫-–º—É—Ä–∞–≤–µ–π; –ú–∞–π–∫–ª –î—É–≥–ª–∞—Å –≤ —Ä–æ–ª–∏ –µ–≥–æ –Ω–∞—Å—Ç–∞–≤–Ω–∏–∫–∞ –¥–æ–∫—Ç–æ—Ä–∞ –•—ç–Ω–∫–∞ –ü–∏–º–∞, –∞ —Ç–∞–∫–∂–µ –≠–≤–∞–Ω–¥–∂–µ–ª–∏–Ω –õ–∏–ª–ª–∏ –≤ —Ä–æ–ª–∏ –•–æ—É–ø –í–∞–Ω –î–∞–π–Ω, –¥–æ—á–µ—Ä–∏ –•—ç–Ω–∫–∞ –ü–∏–º–∞. –û–∑–Ω–∞–∫–æ–º–∏—Ç—å—Å—è —Å –ø–µ—Ä–≤—ã–º –ª–æ–∫–∞–ª–∏–∑–æ–≤–∞–Ω–Ω—ã–º —Ç—Ä–µ–π–ª–µ—Ä–æ–º –∫ –Ω–æ–≤–æ–º—É –ø—Ä–∏–∫–ª—é—á–µ–Ω—á–µ—Å–∫–æ–º—É –±–ª–æ–∫–±–∞—Å—Ç–µ—Ä—É MARVEL ¬´–ß–µ–ª–æ–≤–µ–∫-–º—É—Ä–∞–≤–µ–π¬ª –≤—ã –º–æ–∂–µ—Ç–µ –≤ –æ—Ñ–∏—Ü–∏–∞–ª—å–Ω—ã—Ö —Å–æ–æ–±—â–µ—Å—Ç–≤–∞—Ö facebook.com/MarvelRussia –∏ http://ok.ru/marvel/video. –î–ª—è —Ä–∞–∑–º–µ—â–µ–Ω–∏—è —ç—Ç–æ–≥–æ –≤–∏–¥–µ–æ –Ω–∞ –≤–∞—à–µ–º –æ–Ω–ª–∞–π–Ω-—Ä–µ—Å—É—Ä—Å–µ, –≤—ã —Å–º–æ–∂–µ—Ç–µ –≤–æ—Å–ø–æ–ª—å–∑–æ–≤–∞—Ç—å—Å—è —Ñ—É–Ω–∫—Ü–∏–µ–π –≤—Å—Ç–∞–≤–∫–∏ (embed) –Ω–∞ YouTube - http://www.youtube.com/watch?v=QUI2RReE51Y",http://vk.com/wall271030816_88,271030816
07.01.2015 23:06:50,"–¢–∏–∑–µ—Ä '–ß–µ–ª–æ–≤–µ–∫–∞-–º—É—Ä–∞–≤—å—è' –¥–æ–≤–æ–ª—å–Ω–æ –ø–æ—Å—Ä–µ–¥—Å—Ç–≤–µ–Ω–Ω—ã–π, –Ω–æ –Ω–∞ —Ç–æ –æ–Ω –∏ —Ç–∏–∑–µ—Ä. –î–ª—è –Ω–∞—á–∞–ª–∞ –≤–ø–æ–ª–Ω–µ.  #AntMan",http://vk.com/wall129223955_19406,129223955
07.01.2015 20:53:24,"–í—Å–µ —Ñ–∏–ª—å–º—ã Marvel –Ω–∞ –±–ª–∏–∂–∞–π—à–∏–µ 6 –ª–µ—Ç:    '–ú—Å—Ç–∏—Ç–µ–ª–∏: –≠—Ä–∞ –ê–ª—å—Ç—Ä–æ–Ω–∞' - 30 –∞–ø—Ä–µ–ª—è 2015  '–ß–µ–ª–æ–≤–µ–∫-–º—É—Ä–∞–≤–µ–π' - 12 –∏—é–ª—è 2015 –≥–æ–¥–∞ (–∑–∞–∫—Ä—ã—Ç–∏–µ 2 —Ñ–∞–∑—ã);  '–ö–∞–ø–∏—Ç–∞–Ω –ê–º–µ—Ä–∏–∫–∞: –ì—Ä–∞–∂–¥–∞–Ω—Å–∫–∞—è –≤–æ–π–Ω–∞' - 6 –º–∞—è 2016 –≥–æ–¥–∞ (–æ—Ç–∫—Ä—ã—Ç–∏–µ —Ñ–∞–∑—ã 3);  '–î–æ–∫—Ç–æ—Ä –°—Ç—Ä–µ–Ω–¥–∂' - 4 –Ω–æ—è–±—Ä—è 2016 –≥–æ–¥–∞;  '–°—Ç—Ä–∞–∂–∏ –ì–∞–ª–∞–∫—Ç–∏–∫–∏ 2' - 5 –º–∞—è 2017 –≥–æ–¥–∞;  '–¢–æ—Ä: –†–∞–≥–Ω–∞—Ä–æ–∫' - 28 –∏—é–ª—è 2017 –≥–æ–¥–∞;  '–ß–µ—Ä–Ω–∞—è –ø–∞–Ω—Ç–µ—Ä–∞' - 3 –Ω–æ—è–±—Ä—è 2017 –≥–æ–¥–∞;  '–ö–∞–ø–∏—Ç–∞–Ω –ú–∞—Ä–≤–µ–ª' - 6 –∏—é–ª—è 2018 –≥–æ–¥–∞;  '–ù–µ–ª—é–¥–∏' - 2 –Ω–æ—è–±—Ä—è 2018 –≥–æ–¥–∞;  '–ú—Å—Ç–∏—Ç–µ–ª–∏: –ë–µ—Å–∫–æ–Ω–µ—á–Ω–∞—è –≤–æ–π–Ω–∞. –ß–∞—Å—Ç—å 1' - –º–∞–π 2018 –≥–æ–¥–∞;  '–ú—Å—Ç–∏—Ç–µ–ª–∏: –ë–µ—Å–∫–æ–Ω–µ—á–Ω–∞—è –≤–æ–π–Ω–∞. –ß–∞—Å—Ç—å 2' - –º–∞–π 2019 –≥–æ–¥–∞",http://ok.ru/group/52264344617128/topic/63198655398056,52264344617128
07.01.2015 17:11:20,"–¢–∏–∑–µ—Ä –Ω–æ–≤–æ–≥–æ –∫–∏–Ω–æ–∫–æ–º–∏–∫—Å–∞ Marvel '–ß–µ–ª–æ–≤–µ–∫-–º—É—Ä–∞–≤–µ–π'. –°–º–æ—Ç—Ä–µ—Ç—å - http://www.kinomania.ru/film/396151/trailers/46445/",https://www.facebook.com/106629932735181/posts/876609052403928,106629932735181
07.01.2015 16:18:36,"–ß–µ–ª–æ–≤–µ–∫-–º—É—Ä–∞–≤–µ–π, –∑–∞–º–µ–Ω–∏—Ç –ñ–µ–ª–µ–∑–Ω–æ–≥–æ-—á–µ–ª–æ–≤–µ–∫–∞ (—Ç—Ä–µ–π–ª–µ—Ä) - –ú–æ—Å–∫–≤–∞News",http://vk.com/wall4704460_1449,4704460
07.01.2015 15:56:39,"–ß–µ–ª–æ–≤–µ–∫-–º—É—Ä–∞–≤–µ–π ‚Äì –ø–µ—Ä–≤—ã–π —Ç—Ä–µ–π–ª–µ—Ä",http://vk.com/wall10460321_1372,10460321
07.01.2015 15:17:36,"–ü—Ä–µ–¥—Å—Ç–∞–≤–ª–µ–Ω —Ç–∏–∑–µ—Ä —Ñ–∏–ª—å–º–∞ '–ß–µ–ª–æ–≤–µ–∫-–º—É—Ä–∞–≤–µ–π'  –ö–∏–Ω–æ—Å—Ç—É–¥–∏—è Marvel –ø—Ä–µ–¥—Å—Ç–∞–≤–∏–ª–∞ —Ç–∏–∑–µ—Ä —Ñ–∏–ª—å–º–∞ '–ß–µ–ª–æ–≤–µ–∫-–º—É—Ä–∞–≤–µ–π'. –í –∫–∞—Ä—Ç–∏–Ω–µ, –∫–æ—Ç–æ—Ä–∞—è –¥–∞—Å—Ç –Ω–∞—á–∞–ª–æ —Ç–∞–∫ –Ω–∞–∑—ã–≤–∞–µ–º–æ–π '–§–∞–∑–µ –¢—Ä–∏' —ç–∫—Ä–∞–Ω–∏–∑–∞—Ü–∏–π –ø–æ–ø—É–ª—è—Ä–Ω—ã—Ö –∫–æ–º–∏–∫—Å–æ–≤ Marvel, —Å–Ω–∏–º–∞–ª–∏—Å—å –≠–≤–∞–Ω–¥–∂–µ–ª–∏–Ω –õ–∏–ª–ª–∏, –•–µ–π–ª–∏ –≠—Ç–≤–µ–ª–ª, –ü–æ–ª –†–∞–¥–¥, –î–∂—É–¥–∏ –ì—Ä–∏—Ä, –ú–∞–π–∫–ª –ü–µ–Ω—å—è, –ú–∞–π–∫–ª –î—É–≥–ª–∞—Å, –ö–æ—Ä–∏ –°—Ç–æ–ª–ª, –ë–æ–±–±–∏ –ö–∞–Ω–Ω–∞–≤–∞–ª–µ, –î–∂–æ–Ω –°–ª—ç—Ç—Ç–µ—Ä–∏, –í—É–¥ –•–∞—Ä—Ä–∏—Å –∏ –¥—Ä—É–≥–∏–µ –∞–∫—Ç–µ—Ä—ã. –ù–∞–ø–æ–º–Ω–∏–º, —á—Ç–æ –ß–µ–ª–æ–≤–µ–∫-–º—É—Ä–∞–≤–µ–π –±—ã–ª –ø—Ä–µ–¥—Å—Ç–∞–≤–ª–µ–Ω –ª—é–±–∏—Ç–µ–ª—è–º –∫–æ–º–∏–∫—Å–æ–≤ –≤ 1962 –≥–æ–¥—É. –û–Ω –ø—Ä–∏–¥—É–º–∞–Ω –°—Ç—ç–Ω–æ–º –õ–∏, –õ–∞—Ä—Ä–∏ –õ–∏–±–µ—Ä–æ–º –∏ –î–∂–µ–∫–æ–º –ö–∏—Ä–±–∏. –í –¥–∞–ª—å–Ω–µ–π—à–µ–º —Å—É–ø–µ—Ä–≥–µ—Ä–æ–π –ø–µ—Ä–µ–∂–∏–ª –Ω–µ—Å–∫–æ–ª—å–∫–æ –ø–µ—Ä–µ—Ä–æ–∂–¥–µ–Ω–∏–π. –°—Ä–µ–¥–∏ –µ–≥–æ —Å–ø–æ—Å–æ–±–Ω–æ—Å—Ç–µ–π –≤–æ–∑–º–æ–∂–Ω–æ—Å—Ç—å —É–º–µ–Ω—å—à–∞—Ç—å —Ä–∞–∑–º–µ—Ä —Ç–µ–ª–∞ –∏ –ø–æ–≤–µ–ª–µ–≤–∞—Ç—å –Ω–∞—Å–µ–∫–æ–º—ã–º–∏. –°–æ–≥–ª–∞—Å–Ω–æ –º–∏—Ñ–æ–ª–æ–≥–∏–∏ Marvel, —Å—á–∏—Ç–∞–µ—Ç—Å—è –æ–¥–Ω–∏–º –∏–∑ —Å–æ–∑–¥–∞—Ç–µ–ª–µ–π –∫–æ–º–∞–Ω–¥—ã –ú—Å—Ç–∏—Ç–µ–ª–µ–π. –°—ä–µ–º–∫–∏ —Ñ–∏–ª—å–º–∞ –±—ã–ª–∏ –∞–Ω–æ–Ω—Å–∏—Ä–æ–≤–∞–Ω—ã –µ—â–µ –≤ 2006 –≥–æ–¥—É. –í –ø—Ä–æ—Ü–µ—Å—Å–µ —Ä–∞–±–æ—Ç—ã –Ω–∞–¥ –Ω–∏–º –∏–∑-–∑–∞ —Ç–≤–æ—Ä—á–µ—Å–∫–∏—Ö —Ä–∞–∑–Ω–æ–≥–ª–∞—Å–∏–π —Å —Ä—É–∫–æ–≤–æ–¥—Å—Ç–≤–æ–º —Å—Ç—É–¥–∏–∏ –ø—Ä–æ–µ–∫—Ç –ø–æ–∫–∏–Ω—É–ª –ø–æ—Å—Ç–∞–Ω–æ–≤—â–∏–∫ –≠–¥–≥–∞—Ä –†–∞–π—Ç, –∞ —Ç–∞–∫–∂–µ –Ω–µ—Å–∫–æ–ª—å–∫–æ –∞–∫—Ç–µ—Ä–æ–≤, –≤ —Ç–æ–º —á–∏—Å–ª–µ –ü–∞—Ç—Ä–∏–∫ –£–∏–ª—Å–æ–Ω, –ú—ç—Ç—Ç –î–∂–µ—Ä–∞–ª–¥ –∏ –ö–µ–≤–∏–Ω –£–∞–π–∑–º–∞–Ω. –ò–∑–Ω–∞—á–∞–ª—å–Ω–æ —Å—Ç—É–¥–∏—è Marvel –ø–ª–∞–Ω–∏—Ä–æ–≤–∞–ª–∞ –≤—ã–ø—É—Å—Ç–∏—Ç—å —Ñ–∏–ª—å–º –≤ –Ω–æ—è–±—Ä–µ 2015 –≥–æ–¥–∞, –Ω–æ –≤ –¥–∞–ª—å–Ω–µ–π—à–µ–º –ø—Ä–æ–µ–∫—Ç —É–¥–æ—Å—Ç–æ–∏–ª—Å—è —Å—Ç–∞—Ç—É—Å–∞ –ª–µ—Ç–Ω–µ–≥–æ –±–ª–æ–∫–±–∞—Å—Ç–µ—Ä–∞, –∏ –ø—Ä–µ–º—å–µ—Ä–∞ –ø–µ—Ä–µ–Ω–µ—Å–µ–Ω–∞ –Ω–∞ 17 –∏—é–ª—è 2015 –≥–æ–¥–∞. –ù–∏–∂–µ –ø—Ä–µ–¥—Å—Ç–∞–≤–ª–µ–Ω –ø–µ—Ä–≤—ã–π —Ä–æ–ª–∏–∫ '–ß–µ–ª–æ–≤–µ–∫–∞-–º—É—Ä–∞–≤—å—è', –¥–∞—é—â–∏–π –ø—Ä–µ–¥—Å—Ç–∞–≤–ª–µ–Ω–∏–µ –æ –≥–ª–∞–≤–Ω—ã—Ö –≥–µ—Ä–æ—è—Ö –∏ –≤–∏–∑—É–∞–ª—å–Ω–æ–π —Å–æ—Å—Ç–∞–≤–ª—è—é—â–µ–π –∫–∞—Ä—Ç–∏–Ω—ã.",http://ok.ru/group/52047453815001/topic/63212063755225,52047453815001
07.01.2015 15:02:11,"–ü–µ—Ä–≤—ã–π —Ç—Ä–µ–π–ª–µ—Ä —Ñ–∏–ª—å–º–∞ ¬´–ß–µ–ª–æ–≤–µ–∫-–º—É—Ä–∞–≤–µ–π¬ª –ø–æ—è–≤–∏–ª—Å—è –≤ —Å–µ—Ç–∏  –¢—Ä–µ–π–ª–µ—Ä –¥–æ–ª–≥–æ–∂–¥–∞–Ω–Ω–æ–≥–æ —Ñ–∏–ª—å–º–∞ –æ—Ç —Å—Ç—É–¥–∏–∏ Marvel ¬´–ß–µ–ª–æ–≤–µ–∫-–º—É—Ä–∞–≤–µ–π¬ª —Å—Ç–∞–ª –¥–æ—Å—Ç—É–ø–µ–Ω –¥–ª—è –ø—Ä–æ—Å–º–æ—Ç—Ä–∞ –≤ –∏–Ω—Ç–µ—Ä–Ω–µ—Ç–µ",http://ok.ru/group/56719520628769/topic/63183787409441,56719520628769
07.01.2015 14:46:48,"–ü–µ—Ä–≤—ã–π —Ç—Ä–µ–π–ª–µ—Ä —Ñ–∏–ª—å–º–∞ ¬´–ß–µ–ª–æ–≤–µ–∫-–º—É—Ä–∞–≤–µ–π¬ª –ø–æ—è–≤–∏–ª—Å—è –≤ —Å–µ—Ç–∏  –¢—Ä–µ–π–ª–µ—Ä –¥–æ–ª–≥–æ–∂–¥–∞–Ω–Ω–æ–≥–æ —Ñ–∏–ª—å–º–∞ –æ—Ç —Å—Ç—É–¥–∏–∏ Marvel ¬´–ß–µ–ª–æ–≤–µ–∫-–º—É—Ä–∞–≤–µ–π¬ª —Å—Ç–∞–ª –¥–æ—Å—Ç—É–ø–µ–Ω –¥–ª—è –ø—Ä–æ—Å–º–æ—Ç—Ä–∞ –≤ –∏–Ω—Ç–µ—Ä–Ω–µ—Ç–µ",http://ok.ru/group/52744225751294/topic/63172571026942,52744225751294
07.01.2015 14:46:12,"–ü–µ—Ä–≤—ã–π —Ç—Ä–µ–π–ª–µ—Ä —Ñ–∏–ª—å–º–∞ ¬´–ß–µ–ª–æ–≤–µ–∫-–º—É—Ä–∞–≤–µ–π¬ª –ø–æ—è–≤–∏–ª—Å—è –≤ —Å–µ—Ç–∏  –¢—Ä–µ–π–ª–µ—Ä –¥–æ–ª–≥–æ–∂–¥–∞–Ω–Ω–æ–≥–æ —Ñ–∏–ª—å–º–∞ –æ—Ç —Å—Ç—É–¥–∏–∏ Marvel ¬´–ß–µ–ª–æ–≤–µ–∫-–º—É—Ä–∞–≤–µ–π¬ª —Å—Ç–∞–ª –¥–æ—Å—Ç—É–ø–µ–Ω –¥–ª—è –ø—Ä–æ—Å–º–æ—Ç—Ä–∞ –≤ –∏–Ω—Ç–µ—Ä–Ω–µ—Ç–µ",http://ok.ru/group/56719515648033/topic/63183725871137,56719515648033
07.01.2015 14:45:50,"–ü–µ—Ä–≤—ã–π —Ç—Ä–µ–π–ª–µ—Ä —Ñ–∏–ª—å–º–∞ ¬´–ß–µ–ª–æ–≤–µ–∫-–º—É—Ä–∞–≤–µ–π¬ª –ø–æ—è–≤–∏–ª—Å—è –≤ —Å–µ—Ç–∏  –¢—Ä–µ–π–ª–µ—Ä –¥–æ–ª–≥–æ–∂–¥–∞–Ω–Ω–æ–≥–æ —Ñ–∏–ª—å–º–∞ –æ—Ç —Å—Ç—É–¥–∏–∏ Marvel ¬´–ß–µ–ª–æ–≤–µ–∫-–º—É—Ä–∞–≤–µ–π¬ª —Å—Ç–∞–ª –¥–æ—Å—Ç—É–ø–µ–Ω –¥–ª—è –ø—Ä–æ—Å–º–æ—Ç—Ä–∞ –≤ –∏–Ω—Ç–µ—Ä–Ω–µ—Ç–µ",http://ok.ru/group/51713778188427/topic/63217990749067,51713778188427
07.01.2015 14:45:25,"–ü–µ—Ä–≤—ã–π —Ç—Ä–µ–π–ª–µ—Ä —Ñ–∏–ª—å–º–∞ ¬´–ß–µ–ª–æ–≤–µ–∫-–º—É—Ä–∞–≤–µ–π¬ª –ø–æ—è–≤–∏–ª—Å—è –≤ —Å–µ—Ç–∏  –¢—Ä–µ–π–ª–µ—Ä –¥–æ–ª–≥–æ–∂–¥–∞–Ω–Ω–æ–≥–æ —Ñ–∏–ª—å–º–∞ –æ—Ç —Å—Ç—É–¥–∏–∏ Marvel ¬´–ß–µ–ª–æ–≤–µ–∫-–º—É—Ä–∞–≤–µ–π¬ª —Å—Ç–∞–ª –¥–æ—Å—Ç—É–ø–µ–Ω –¥–ª—è –ø—Ä–æ—Å–º–æ—Ç—Ä–∞ –≤ –∏–Ω—Ç–µ—Ä–Ω–µ—Ç–µ",http://ok.ru/group/51713789919371/topic/63217988914059,51713789919371
07.01.2015 14:30:26,"–ß–µ–ª–æ–≤–µ–∫-–º—É—Ä–∞–≤–µ–π ‚Äì –ø–µ—Ä–≤—ã–π —Ç—Ä–µ–π–ª–µ—Ä",http://vk.com/wall142958594_6553,142958594
07.01.2015 14:01:32,"–ü–µ—Ä–≤—ã–π —Ç—Ä–µ–π–ª–µ—Ä —Ñ–∏–ª—å–º–∞ ¬´–ß–µ–ª–æ–≤–µ–∫-–º—É—Ä–∞–≤–µ–π¬ª –ø–æ—è–≤–∏–ª—Å—è –≤ —Å–µ—Ç–∏  –¢—Ä–µ–π–ª–µ—Ä –¥–æ–ª–≥–æ–∂–¥–∞–Ω–Ω–æ–≥–æ —Ñ–∏–ª—å–º–∞ –æ—Ç —Å—Ç—É–¥–∏–∏ Marvel ¬´–ß–µ–ª–æ–≤–µ–∫-–º—É—Ä–∞–≤–µ–π¬ª —Å—Ç–∞–ª –¥–æ—Å—Ç—É–ø–µ–Ω –¥–ª—è –ø—Ä–æ—Å–º–æ—Ç—Ä–∞ –≤ –∏–Ω—Ç–µ—Ä–Ω–µ—Ç–µ",http://ok.ru/group/51132324511831/topic/63228565282903,51132324511831
07.01.2015 13:31:01,"–ü–µ—Ä–≤—ã–π —Ç—Ä–µ–π–ª–µ—Ä —Ñ–∏–ª—å–º–∞ ¬´–ß–µ–ª–æ–≤–µ–∫-–º—É—Ä–∞–≤–µ–π¬ª –ø–æ—è–≤–∏–ª—Å—è –≤ —Å–µ—Ç–∏  –¢—Ä–µ–π–ª–µ—Ä –¥–æ–ª–≥–æ–∂–¥–∞–Ω–Ω–æ–≥–æ —Ñ–∏–ª—å–º–∞ –æ—Ç —Å—Ç—É–¥–∏–∏ Marvel ¬´–ß–µ–ª–æ–≤–µ–∫-–º—É—Ä–∞–≤–µ–π¬ª —Å—Ç–∞–ª –¥–æ—Å—Ç—É–ø–µ–Ω –¥–ª—è –ø—Ä–æ—Å–º–æ—Ç—Ä–∞ –≤ –∏–Ω—Ç–µ—Ä–Ω–µ—Ç–µ",http://ok.ru/group/51713788215435/topic/63217702980491,51713788215435
07.01.2015 12:16:20,"–ü–µ—Ä–≤—ã–π —Ç—Ä–µ–π–ª–µ—Ä —Ñ–∏–ª—å–º–∞ ¬´–ß–µ–ª–æ–≤–µ–∫-–º—É—Ä–∞–≤–µ–π¬ª –ø–æ—è–≤–∏–ª—Å—è –≤ —Å–µ—Ç–∏  –¢—Ä–µ–π–ª–µ—Ä –¥–æ–ª–≥–æ–∂–¥–∞–Ω–Ω–æ–≥–æ —Ñ–∏–ª—å–º–∞ –æ—Ç —Å—Ç—É–¥–∏–∏ Marvel ¬´–ß–µ–ª–æ–≤–µ–∫-–º—É—Ä–∞–≤–µ–π¬ª —Å—Ç–∞–ª –¥–æ—Å—Ç—É–ø–µ–Ω –¥–ª—è –ø—Ä–æ—Å–º–æ—Ç—Ä–∞ –≤ –∏–Ω—Ç–µ—Ä–Ω–µ—Ç–µ",http://ok.ru/group/56719514009633/topic/63183167373345,56719514009633
07.01.2015 11:42:55,"–í–æ—Ç —Ç–∞–∫–æ–π –Ω–∞—Å –∂–¥–µ—Ç #—á–µ–ª–æ–≤–µ–∫–º—É—Ä–∞–≤–µ–π",http://vk.com/wall126568_19422,126568
07.01.2015 08:53:28,"–ù–∞ –≤—Ç–æ—Ä—ã—Ö –º–µ—Å—Ç–∞—Ö –ß–µ–ª–æ–≤–µ–∫ –ú—É—Ä–∞–≤–µ–π, –ü–æ–ª—è—Ä–∏—Å, –ú–∞–≥–Ω–µ—Ç–æ, –§–µ–Ω–∏–∫—Å, –î—ç–¥–ø—É–ª, –°–æ—Ä–≤–∏–≥–æ–ª–æ–≤–∞ –Ω—É –∏ –¥—Ä—É–≥–∏–µ",http://ok.ru/group/54056606498833/topic/63229192459537#commentMTQyMDYyMDgwODAyNDotMTQ1Nzk6MTQyMDYyMDgwODAyNDo2MzIyOTE5MjQ1OTUzNzox,558791754729
07.01.2015 08:41:52,"—á–µ–ª–æ–≤–µ–∫ –º—É—Ä–∞–≤–µ–π –º–æ–π —Å–∞–º—ã–π –ª—é–±–∏–º—ã–π —Å—É–ø–µ—Ä –≥–µ—Ä–æ–π –∏–∑ marvel",http://ok.ru/group/54056606498833/topic/63229192459537#commentMTQyMDYyMDExMjE1MDotOTk6MTQyMDYyMDExMjE1MDo2MzIyOTE5MjQ1OTUzNzox,565169766294
07.01.2015 08:41:17,"–ú–Ω–µ —Å–∞–º –ß–µ–ª–æ–≤–µ–∫-–ú—É—Ä–∞–≤–µ–π –Ω—Ä–∞–≤–∏—Ç—Å—è. –ò—Ö –∫–æ–º–∏–∫—Å–æ–≤, –•—ç–Ω–∫ –ü–∏–º. –ß–∏—Ç–∞–ª–∞ –Ω–µ–¥–∞–≤–Ω–æ)",http://ok.ru/group/54056606498833/topic/63229192459537#commentMTQyMDYyMDA3NzAxMjotMTIzMDM6MTQyMDYyMDA3NzAxMjo2MzIyOTE5MjQ1OTUzNzox,558791754729
07.01.2015 08:19:26,"–í—ã—à–µ–ª –ø–µ—Ä–≤—ã–π –æ—Ñ–∏—Ü–∏–∞–ª—å–Ω—ã–π —Ç—Ä–µ–π–ª–µ—Ä, –æ–¥–Ω–æ–≥–æ –∏–∑ —Å–∞–º—ã—Ö –¥–æ–ª–≥–æ–∂–¥–∞–Ω–Ω—ã—Ö —Ñ–∏–ª—å–º–æ–≤ 2015 –≥–æ–¥–∞ - '–ß–µ–ª–æ–≤–µ–∫-–ú—É—Ä–∞–≤–µ–π'!  –¢—Ä–µ–π–ª–µ—Ä –¥–µ–π—Å—Ç–≤–∏—Ç–µ–ª—å–Ω–æ –≤—ã—à–µ–ª —à–∏–∫–∞—Ä–Ω—ã–º, –æ—Å–æ–±–µ–Ω–Ω–æ –µ–≥–æ —Ñ–∏–Ω–∞–ª—å–Ω–∞—è —á–∞—Å—Ç—å (–æ–¥–∏–Ω –ø–æ–ª–µ—Ç –Ω–∞ –º—É—Ä–∞–≤—å–µ —á–µ–≥–æ —Å—Ç–æ–∏—Ç), –ø–æ—ç—Ç–æ–º—É —Å–º–æ—Ç—Ä–µ—Ç—å –≤—Å–µ–º –≤ –æ–±—è–∑–∞—Ç–µ–ª—å–Ω–æ–º –ø–æ—Ä—è–¥–∫–µ!  #AntMan #Marvel",http://vk.com/wall78163432_17649,78163432
07.01.2015 07:59:07,"–Ω–∏–∫—Ç–æ –Ω–µ —Ö–æ—á–µ—Ç —Ñ–∏–ª—å–º —á–µ–ª–æ–≤–µ–∫ –º—É—Ä–∞–≤–µ–π –∫—Ä–æ–º–µ –º–µ–Ω—èüòû üòû üòû üòû üòû",http://ok.ru/group/54056606498833/topic/63229192459537#commentMTQyMDYxNzU0Nzc4NDotNDI5OjE0MjA2MTc1NDc3ODQ6NjMyMjkxOTI0NTk1Mzc6MQ==,565169766294
07.01.2015 07:40:54,"–°—Ç–æ–ø, —Å—Ç–æ–ø, —Å—Ç–æ–ø. –ê –≥–¥–µ –•—ç–Ω–∫ –ü–∏–º? –ú–∞—Ç—å —Ç–≤–æ—é, –ú–∞—Ä–≤–µ–ª, –ø–æ—á–µ–º—É –ø–µ—Ä–≤—ã–π —á–µ–ª–æ–≤–µ–∫-–º—É—Ä–∞–≤–µ–π ‚Äî —Å—Ä–∞–∑—É –°–∫–æ—Ç—Ç –õ—ç–Ω–≥? –ê –∫—Ç–æ —Ç–æ–≥–¥–∞ –≤–æ–æ–±—â–µ –æ—Ç–∫—Ä—ã–ª —á–∞—Å—Ç–∏—Ü—ã –ü–∏–º–∞?",http://vk.com/wall319289_54934,319289
07.01.2015 03:33:28,"–Ø —Ö–æ—Ç–µ–ª –Ω–∞–ø–∏—Å–∞—Ç—å –º–Ω–æ–≥–æ –ø–æ–ø–∞–±–æ–ª–∏ –æ—Ç —Ç–∏–∑–µ—Ä–∞ '–ß–µ–ª–æ–≤–µ–∫–∞-–º—É—Ä–∞–≤—å—è', –Ω–æ...  –ù–æ —á–µ—Å—Ç–Ω–æ –≥–æ–≤–æ—Ä—è —Ç–∏–∑–µ—Ä –ø–æ–∫–∞–∑—ã–≤–∞–µ—Ç —Ä–æ–≤–Ω–æ –≤—Å—ë —Ç–æ, —Å —á–µ–º –±–æ—Ä–µ—Ç—Å—è –†–∞–π—Ç –≤—Å—é –∫–∞—Ä—å–µ—Ä—É –∏ —á—Ç–æ –Ω–∞–≥–ª—è–¥–Ω–æ –ø–æ–∫–∞–∑–∞–Ω–æ –≤ —ç—Ç–æ–º –Ω–µ–ø–ª–æ—Ö–æ–º —Ä–∞–∑–±–æ—Ä–µ —Ç–≤–æ—Ä—á–µ—Å—Ç–≤–∞ –≠–¥–≥–∞—Ä–∞. http://vimeo.com/96558506  '–ú—É—Ä–∞–≤–µ–π' –ª–µ–Ω–∏–≤, —Å–∫—É—á–µ–Ω, –Ω–µ–Ω—É–∂–µ–Ω, –≥–ª—É–ø –∏ –±–∞–Ω–∞–ª—å–Ω–æ –Ω–µ —Ü–µ–ø–ª—è–µ—Ç. –ò —ç—Ç–æ, –±–ª–∏–Ω, —Ç–∏–∑–µ—Ä, –∫–æ—Ç–æ—Ä—ã–π –¥–æ–ª–∂–µ–Ω –ø–æ –∏–¥–µ–µ —Ä–∞—Å–ø–∞–ª–∏—Ç—å –∏–Ω—Ç–µ—Ä–µ—Å –∏ –∑–∞—Å—Ç–∞–≤–∏—Ç—å —Å–ª–µ–¥–∏—Ç—å –∑–∞ –ø—Ä–æ–µ–∫—Ç–æ–º. –° –¥—Ä—É–≥–æ–π —Å—Ç–æ—Ä–æ–Ω—ã –≥–ª—É–ø–æ –±—ã–ª–æ –∂–¥–∞—Ç—å —Ä–µ–∑—É–ª—å—Ç–∞—Ç–æ–≤ –æ—Ç —Ä–µ–∂–∏—Å—Å—ë—Ä–∞ '–í—Å–µ–≥–¥–∞ –≥–æ–≤–æ—Ä–∏ –¥–∞', –≥–¥–µ –ª—É—á—à–µ–π —á–∞—Å—Ç—å—é –∫–∞—Ä—Ç–∏–Ω—ã —è–≤–ª—è–ª–æ—Å—å –æ–≥—Ä–æ–º–Ω–æ–µ –∫–æ–ª–∏—á–µ—Å—Ç–≤–æ –ó—É–∏ –î–µ–®–∞–Ω–µ–ª—å –≤ –∫–∞–¥—Ä–µ.  –í –æ–±—â–µ–º –ø–æ–±—É–¥—É –≥–æ–≤–Ω–æ–µ–¥–æ–º, –∂–¥–∏—Ç–µ –æ—á–µ—Ä–µ–¥–Ω–æ–≥–æ '–•–∞–ª–∫–∞' –≤ —É—é—Ç–Ω–æ–π –∫–∏–Ω–æ–≤—Å–µ–ª–µ–Ω–Ω–æ–π –ú–∞—Ä–≤–µ–ª.",http://vk.com/wall8329893_3007,8329893