26.11.2015 19:58:38,"–ü–µ—Ä–≤—ã–π –º—Å—Ç–∏—Ç–µ–ª—å 3: –ü—Ä–æ—Ç–∏–≤–æ—Å—Ç–æ—è–Ω–∏–µ - –ì—Ä–∞–∂–¥–∞–Ω—Å–∫–∞—è –≤–æ–π–Ω–∞ | –î—É–±–ª–∏—Ä–æ–≤–∞–Ω–Ω—ã–π —Ä—É—Å—Å–∫–∏–π —Ç—Ä–µ–π–ª–µ—Ä (2016) (HD)",http://vk.com/wall311594526_181,311594526
26.11.2015 18:48:24,"–ü–µ—Ä–≤—ã–π –º—Å—Ç–∏—Ç–µ–ª—å: –ü—Ä–æ—Ç–∏–≤–æ—Å—Ç–æ—è–Ω–∏–µ (2016) | –¢—Ä–µ–π–ª–µ—Ä",http://vk.com/wall26859744_641,26859744
26.11.2015 18:09:21,"–Ø –Ω–µ –¥–æ–∂–∏–≤—É –¥–æ —ç—Ç–æ–≥–æ –¥–Ω—è... #–ü–µ—Ä–≤—ã–π–ú—Å—Ç–∏—Ç–µ–ª—å–ü—Ä–æ—Ç–∏–≤–æ—Å—Ç–æ—è–Ω–∏–µ#6–ú–∞—è2016–ì–æ–¥–∞",http://vk.com/wall159827536_5228,159827536
26.11.2015 17:45:54,"–ü–µ—Ä–≤—ã–π –º—Å—Ç–∏—Ç–µ–ª—å: –ü—Ä–æ—Ç–∏–≤–æ—Å—Ç–æ—è–Ω–∏–µ (2016) | –¢—Ä–µ–π–ª–µ—Ä",http://vk.com/wall21635835_1130,21635835
26.11.2015 17:41:07,"–ù–∞–≤–µ—Ä–Ω–æ–µ —É–∂–µ –Ω–µ –Ω–æ–≤–æ—Å—Ç—å –¥–ª—è —Ñ–∞–Ω–∞—Ç–æ–≤, –Ω–æ –≤—Å—ë-—Ç–∞–∫–∏: –≤—ã—à–µ–ª –ø–µ—Ä–≤—ã–π —Ç—Ä–µ–π–ª–µ—Ä –Ω–æ–≤–∏–Ω–∫–∏ marvel '–ü–µ—Ä–≤—ã–π –º—Å—Ç–∏—Ç–µ–ª—å: –ü—Ä–æ—Ç–∏–≤–æ—Å—Ç–æ—è–Ω–∏–µ' - —Ç–∞ —Å–∞–º–∞—è, –∫–æ—Ç–æ—Ä–∞—è –ø—Ä–µ–∂–¥–µ –æ—Ç–∑—ã–≤–∞–ª–∞—Å—å –≤ –°–ú–ò –Ω–∞ '–†–∞—Å–∫–æ–ª –ú—Å—Ç–∏—Ç–µ–ª–µ–π'  –ü–æ–¥—Ä–æ–±–Ω–æ—Å—Ç–∏: http://www.kinomyvi.tv/news/detail/-Pervij-mstitel--Protivostoyanie--trejler_scE1  #Marvel #CaptainAmerica #CivilWar #–ü–µ—Ä–≤—ã–π–º—Å—Ç–∏—Ç–µ–ª—å #–∫–∏–Ω–æ",https://www.facebook.com/144073002400111/posts/2171899312950793,144073002400111
26.11.2015 17:40:33,"–ß—Ç–æ –µ—Å–ª–∏ —Å—É–ø–µ—Ä–≥–µ—Ä–æ–∏ –±—Ä–æ—Å—è—Ç –≤—Å–µ —Å–∏–ª—ã –Ω–µ –Ω–∞ –±–æ—Ä—å–±—É —Å–æ –∑–ª–æ–º, –∞ –Ω–∞ –ø—Ä–æ—Ç–∏–≤–æ—Å—Ç–æ—è–Ω–∏–µ –¥—Ä—É–≥ —Å –¥—Ä—É–≥–æ–º?  5 –º–∞—è 2016 –≥–æ–¥–∞ –≤ –ö–ê–†–û –≤—ã—Ö–æ–¥–∏—Ç —Ñ–∏–ª—å–º ¬´–ü–µ—Ä–≤—ã–π –º—Å—Ç–∏—Ç–µ–ª—å: –ü—Ä–æ—Ç–∏–≤–æ—Å—Ç–æ—è–Ω–∏–µ¬ª. –°–º–æ—Ç—Ä–∏–º –¥—É–±–ª–∏—Ä–æ–≤–∞–Ω–Ω—ã–π —Ç—Ä–µ–π–ª–µ—Ä –∏ –±–æ–ª–µ–µ–º –∑–∞ –¢–æ–Ω–∏ –°—Ç–∞—Ä–∫–∞! –ò–ª–∏ –∑–∞ –∫–∞–ø–∏—Ç–∞–Ω–∞ –°—Ç–∏–≤–∞ –†–æ–¥–∂–µ—Ä—Å–∞? –í—ã–±–∏—Ä–∞–π!",http://ok.ru/group/51663156674784/topic/64671011591648,51663156674784
26.11.2015 15:44:01,"–í –°–µ—Ç–∏ –ø–æ—è–≤–∏–ª—Å—è –¥–æ–ª–≥–æ–∂–¥–∞–Ω–Ω—ã–π –¥–µ–±—é—Ç–Ω—ã–π —Ç—Ä–µ–π–ª–µ—Ä –Ω–æ–≤–æ–≥–æ —Ñ–∏–ª—å–º–∞ —Å—Ç—É–¥–∏–∏ Marvel ¬´–ü–µ—Ä–≤—ã–π –º—Å—Ç–∏—Ç–µ–ª—å: –ü—Ä–æ—Ç–∏–≤–æ—Å—Ç–æ—è–Ω–∏–µ¬ª. –ú–∏—Ä–æ–≤–∞—è –ø—Ä–µ–º—å–µ—Ä–∞ –∫–∞—Ä—Ç–∏–Ω—ã –Ω–∞–º–µ—á–µ–Ω–∞ –Ω–∞ —Å–µ—Ä–µ–¥–∏–Ω—É –≤–µ—Å–Ω—ã 2016 –≥–æ–¥–∞.  –ê —Ç—ã –∂–¥–µ—à—å –Ω–æ–≤–∏–Ω–∫—É –æ—Ç Marvel?",http://ok.ru/group/57143746560034/topic/64571348101922,57143746560034
26.11.2015 15:42:34,"–ü–µ—Ä–≤—ã–π –º—Å—Ç–∏—Ç–µ–ª—å: –ü—Ä–æ—Ç–∏–≤–æ—Å—Ç–æ—è–Ω–∏–µ (2016) | –¢—Ä–µ–π–ª–µ—Ä",http://vk.com/wall310645466_245,310645466
26.11.2015 15:07:50,"üòç –ñ–î–£–£–£!! –ü–µ—Ä–≤—ã–π –ú—Å—Ç–∏—Ç–µ–ª—å: –ü—Ä–æ—Ç–∏–≤–æ—Å—Ç–æ—è–Ω–∏–µ/ Captain America: Civil War (2016) –î—É–±–ª–∏—Ä–æ–≤–∞–Ω–Ω—ã–π —Ç—Ä–µ–π–ª–µ—Ä",http://vk.com/wall103465585_7608,103465585
26.11.2015 14:08:06,"–°–º–æ—Ç—Ä–∏—Ç–µ '–ü–µ—Ä–≤—ã–π –º—Å—Ç–∏—Ç–µ–ª—å: –ü—Ä–æ—Ç–∏–≤–æ—Å—Ç–æ—è–Ω–∏–µ (2016) | –¢—Ä–µ–π–ª–µ—Ä' –Ω–∞ YouTube",http://vk.com/wall180403790_125,180403790
26.11.2015 13:31:00,"–î—É–±–ª–∏—Ä–æ–≤–∞–Ω–Ω—ã–π —Ç—Ä–µ–π–ª–µ—Ä ¬´–ü–µ—Ä–≤—ã–π –º—Å—Ç–∏—Ç–µ–ª—å: –ü—Ä–æ—Ç–∏–≤–æ—Å—Ç–æ—è–Ω–∏–µ¬ª  –í –∫–∏–Ω–æ—Ç–µ–∞—Ç—Ä–∞—Ö —Å 5 –º–∞—è 2016 –≥–æ–¥–∞.",http://ok.ru/group/53020758835447/topic/64590348684279,53020758835447
26.11.2015 11:43:02,"–ö–æ–º–ø–∞–Ω–∏—è Chaos Group —Å–Ω–æ–≤–∞ –≤ –ú–æ—Å–∫–≤–µ –∏ —Ä–∞–¥–∞ –ø—Ä–∏–≥–ª–∞—Å–∏—Ç—å –í–∞—Å –Ω–∞ –º–µ—Ä–æ–ø—Ä–∏—è—Ç–∏–µ CG EVENT MOSCOW 2015, –∫–æ—Ç–æ—Ä–æ–µ —Å–æ—Å—Ç–æ–∏—Ç—Å—è 28-29 –Ω–æ—è–±—Ä—è 2015 –≥–æ–¥–∞ –≤ Holiday Inn –°–æ–∫–æ–ª—å–Ω–∏–∫–∏! –í —ç—Ç–æ–º –≥–æ–¥—É –í—ã —É–≤–∏–¥–∏—Ç–µ –≤–æ–∑–º–æ–∂–Ω–æ—Å—Ç–∏ V-Ray 3.2 –¥–ª—è 3ds Max —Å–æ–≤–µ—Ä—à–µ–Ω–Ω–æ —Å –¥—Ä—É–≥–æ–π —Å—Ç–æ—Ä–æ–Ω—ã –∏ –ø–æ–∑–Ω–∞–∫–æ–º–∏—Ç–µ—Å—å —Å –¥–æ–ø–æ–ª–Ω–∏—Ç–µ–ª—å–Ω—ã–º–∏ —Ñ—É–Ω–∫—Ü–∏—è–º–∏ –Ω–æ–≤–µ–π—à–µ–≥–æ Service Pack V-Ray 3.3 –¥–ª—è 3ds Max, –∞ —Ç–∞–∫–∂–µ –ø–æ–∑–Ω–∞–∫–æ–º–∏—Ç–µ—Å—å —Å –Ω–æ–≤—ã–º –ø—Ä–æ–¥—É–∫—Ç–æ–º V-Ray –¥–ª—è NUKE. –ü—Ä–æ–≥—Ä–∞–º–º–∞ –æ–±–µ—â–∞–µ—Ç –±—ã—Ç—å –æ—á–µ–Ω—å –Ω–∞—Å—ã—â–µ–Ω–Ω–æ–π –∏ –∏–Ω—Ç–µ—Ä–µ—Å–Ω–æ–π.  –ü—Ä–æ–≥—Ä–∞–º–º–∞ –≤—ã—Å—Ç—É–ø–ª–µ–Ω–∏–π:  28 –Ω–æ—è–±—Ä—è –≤ 11:00, –∑–∞–ª ¬´–°–æ–∫–æ–ª—å–Ω–∏–∫–∏-2¬ª  –î–æ–∫–ª–∞–¥: ¬´–ü—Ä–æ–µ–∫—Ç –ì–æ—Ä–æ–¥: –ü—Ä–æ–∏–∑–≤–æ–¥—Å—Ç–≤–µ–Ω–Ω—ã–µ —Ä–∞–±–æ—á–∏–µ –ø—Ä–æ—Ü–µ—Å—Å—ã —Å NUKE –∏ V-Ray –¥–ª—è NUKE¬ª, –®–∞—Ö–∏–Ω –¢—É—Å–∏, Senior Lighter Compositor, Lipsync (–õ–æ–Ω–¥–æ–Ω)  –®–∞—Ö–∏–Ω –¢—É—Å–∏ –ø—Ä–æ–¥–µ–º–æ–Ω—Å—Ç—Ä–∏—Ä—É–µ—Ç –ø—Ä–æ–µ–∫—Ç –ì–æ—Ä–æ–¥, –≤ –∫–æ—Ç–æ—Ä—ã–π –±—ã–ª–∞ –∑–∞–ª–æ–∂–µ–Ω–∞ –æ—Å–Ω–æ–≤–∞ –Ω–æ–≤–æ–≥–æ –ø–æ–¥—Ö–æ–¥–∞ –∫ —Ä–∞–±–æ—á–µ–º—É –ø—Ä–æ—Ü–µ—Å—Å—É –¥–ª—è –∫–æ–º–ø–æ–∑–µ—Ä–æ–≤- –æ—Ç –º–æ–¥–µ–ª–∏—Ä–æ–≤–∞–Ω–∏—è, –Ω–∞—Å—Ç—Ä–æ–µ–∫ –æ—Å–≤–µ—â–µ–Ω–∏—è, –º–∞—Ç–µ—Ä–∏–∞–ª–æ–≤ –∏ —Ç–µ–∫—Å—Ç—É—Ä, –¥–æ —Ä–µ–Ω–¥–µ—Ä–∏–Ω–≥–∞ –≤–Ω—É—Ç—Ä–∏ –ø—Ä–æ–≥—Ä–∞–º–º–Ω—ã—Ö –ø—Ä–æ–¥—É–∫—Ç–æ–≤ NUKE –∏ Nuke Studio, —Å –ø–æ–º–æ—â—å—é V-Ray –¥–ª—è Nuke. –®–∞—Ö–∏–Ω –≤ –Ω–∞—Å—Ç–æ—è—â–µ–µ –≤—Ä–µ–º—è —Ä–µ–∞–ª–∏–∑—É–µ—Ç –¥–∞–Ω–Ω—ã–π —Ä–∞–±–æ—á–∏–π –ø—Ä–æ—Ü–µ—Å—Å –≤ –Ω–µ—Å–∫–æ–ª—å–∫–∏—Ö –ø—Ä–æ–µ–∫—Ç–∞—Ö –∫–æ–º–ø–∞–Ω–∏–∏ Lipsync, –∏ –ø—Ä–æ–¥–µ–º–æ–Ω—Å—Ç—Ä–∏—Ä—É–µ—Ç –í–∞–º —É–Ω–∏–∫–∞–ª—å–Ω—ã–µ –≤–æ–∑–º–æ–∂–Ω–æ—Å—Ç–∏ –∏ —Ç—Ä—é–∫–∏ –ø—Ä–æ–¥—É–∫—Ç–∞ V-Ray –¥–ª—è Nuke, –∞ —Ç–∞–∫–∂–µ —ç–∫—Å–∫–ª—é–∑–∏–≤–Ω—ã–π –∫–æ–Ω—Ç–µ–Ω—Ç —Å–≤–æ–∏—Ö —Ç–µ–∫—É—â–∏—Ö –ø—Ä–æ–µ–∫—Ç–æ–≤.  29 –Ω–æ—è–±—Ä—è –≤ 11:30, –∑–∞–ª ¬´–ß–∏—Å—Ç—ã–µ –ø—Ä—É–¥—ã¬ª  –ú–∞—Å—Ç–µ—Ä-–∫–ª–∞—Å—Å: ¬´–†–µ–Ω–¥–µ—Ä–∏–≥ –¥–ª—è –∫–æ–º–ø–æ–∑–µ—Ä–æ–≤ —Å –ø–æ–º–æ—â—å—é –º–æ—â–Ω–æ–≥–æ –Ω–∞–±–æ—Ä–∞ –∏–Ω—Å—Ç—Ä—É–º–µ–Ω—Ç–æ–≤ NUKE –∏ V-Ray –¥–ª—è NUKE¬ª, –®–∞—Ö–∏–Ω –¢—É—Å–∏, Senior Lighter Compositor, Lipsync (–õ–æ–Ω–¥–æ–Ω)  –®–∞—Ö–∏–Ω –¢—É—Å–∏ –ø—Ä–æ–¥–µ–º–æ–Ω—Å—Ç—Ä–∏—Ä—É–µ—Ç –Ω–æ–≤—ã–µ –≤–æ–∑–º–æ–∂–Ω–æ—Å—Ç–∏ V-Ray –¥–ª—è NUKE, –∫–æ—Ç–æ—Ä—ã–µ –ø–æ–∑–≤–æ–ª—è—é—Ç –∫–æ–º–ø–æ–∑–µ—Ä–∞–º –ø–æ–∑–Ω–∞—Ç—å –Ω–æ–≤—É—é –≥–ª—É–±–∏–Ω—É –∫–æ–º–ø–æ–∑–∏—Ç–∏–Ω–≥–∞ –≤ –ø—Ä–µ–¥–µ–ª–∞—Ö –ø—Ä–æ–≥—Ä–∞–º–º–Ω–æ–≥–æ –ø—Ä–æ–¥—É–∫—Ç–∞ NUKE. –í —Ö–æ–¥–µ –¥–∞–Ω–Ω–æ–≥–æ –º–∞—Å—Ç–µ—Ä-–∫–ª–∞—Å—Å–∞ –í—ã —É–≤–∏–¥–∏—Ç–µ –æ—Å–Ω–æ–≤–Ω—ã–µ —Ñ—É–Ω–∫—Ü–∏–∏ —Ä–µ–Ω–¥–µ—Ä–∏–Ω–≥–∞ –∏ —Å–ø–æ—Å–æ–±—ã –∫–æ–Ω–≤–µ—Ä—Ç–∞—Ü–∏–∏ –í–∞—à–∏—Ö –ø—Ä–æ–µ–∫—Ç–æ–≤ –¥–ª—è —Ä–µ–Ω–¥–µ—Ä–∏–Ω–≥–∞ –≤ V-Ray, –≤–æ–∑–º–æ–∂–Ω–æ—Å—Ç–∏ –æ—Å–≤–µ—â–µ–Ω–∏—è-–∫–∞–∫ –∏—Å–ø–æ–ª—å–∑–æ–≤–∞—Ç—å —Å–æ–æ—Ç–Ω–æ—à–µ–Ω–∏–µ –º–µ–∂–¥—É 2D –∏ 3D –≤ NUKE, –∏—Å–ø–æ–ª—å–∑—É—è V-Ray –¥–ª—è –∏–¥–µ–∞–ª—å–Ω–æ–≥–æ —Ä–µ–∑—É–ª—å—Ç–∞—Ç–∞. –ü–æ—Å–º–æ—Ç—Ä–∏—Ç–µ, –∫–∞–∫ —Ä–∞–±–æ—Ç–∞—Ç—å —Å —à–µ–π–¥–µ—Ä–∞–º–∏ -–∫–∞–∫ —Å–æ–∑–¥–∞–≤–∞—Ç—å –∏ –ø—Ä–∏–º–µ–Ω—è—Ç—å –∏—Ö, —É–∑–Ω–∞–µ—Ç–µ, –∫–∞–∫ —Ä–∞–±–æ—Ç–∞—Ç—å —Å —Ç—è–∂–µ–ª–æ–π –≥–µ–æ–º–µ—Ç—Ä–∏–µ–π, –∞ —Ç–∞–∫–∂–µ –ø–æ–∑–Ω–∞–∫–æ–º–∏—Ç–µ—Å—å —Å —É–Ω–∏–∫–∞–ª—å–Ω—ã–º–∏ –ø–æ–¥—Ö–æ–¥–∞–º–∏ –®–∞—Ö–∏–Ω–∞ –≤ —á–∞—Å—Ç–∏ —Ä–µ–Ω–¥–µ—Ä–∏–Ω–≥–∞ –Ω–∞ –ø—Ä–∏–º–µ—Ä–µ —Ä–µ–∞–ª—å–Ω–æ–≥–æ –ø—Ä–æ–µ–∫—Ç–∞.  –ù–µ—Å–∫–æ–ª—å–∫–æ —Å–ª–æ–≤ –æ –¥–æ–∫–ª–∞–¥—á–∏–∫–µ: –®–∞—Ö–∏–Ω –¢—É—Å–∏ –Ω–∞—á–∞–ª —Å–≤–æ—é –∫–∞—Ä—å–µ—Ä—É —Å —Å–æ–∑–¥–∞–Ω–∏—è VFX —ç—Ñ—Ñ–µ–∫—Ç–æ–≤ –≤ 2005 –≥–æ–¥—É –¥–ª—è —Ñ–∏–ª—å–º–∞ 'X-Men 3'. –®–∞—Ö–∏–Ω —É—Å–ø–µ–ª –ø–æ—Ä–∞–±–æ—Ç–∞—Ç—å –≤ —Ç–∞–∫–∏—Ö —Å—Ç—É–¥–∏—è—Ö, –∫–∞–∫ Framestore, Moving Picture Company –∏ —Å—Ç–∞—Ä—à–∏–º –∫–æ–º–ø–æ–∑–µ—Ä–æ–º –≤ Double Negative –∑–∞ –ø–æ—Å–ª–µ–¥–Ω–∏–µ 7 –ª–µ—Ç. –°–µ–π—á–∞—Å –®–∞—Ö–∏–Ω —Ä–∞–±–æ—Ç–∞–µ—Ç –≤ –∫–æ–º–ø–∞–Ω–∏–∏ Lipsync Post –∏ —Å–≤–æ–π —Ä–∞–±–æ—á–∏–π –ø—Ä–æ—Ü–µ—Å—Å —Å—Ç—Ä–æ–∏—Ç –Ω–∞ —Å–≤—è–∑–∫–µ –ø—Ä–æ–¥—É–∫—Ç–æ–≤ NUKE –∏ V-Ray –¥–ª—è NUKE. –®–∞—Ö–∏–Ω —Ä–∞–±–æ—Ç–∞–ª –Ω–∞–¥ —Ç–∞–∫–∏–º–∏ —Ñ–∏–ª—å–º–∞–º–∏, –∫–∞–∫ '–¢–µ–º–Ω—ã–π —Ä—ã—Ü–∞—Ä—å: –í–æ–∑—Ä–æ–∂–¥–µ–Ω–∏–µ –ª–µ–≥–µ–Ω–¥—ã', '–°–∫–æ—Ç—Ç –ü–∏–ª–∏–≥—Ä–∏–º –ø—Ä–æ—Ç–∏–≤ –≤—Å–µ—Ö¬ª, ¬´–ö–∞–ø–∏—Ç–∞–Ω –ê–º–µ—Ä–∏–∫–∞: –ü–µ—Ä–≤—ã–π –º—Å—Ç–∏—Ç–µ–ª—å', '–¢–æ—Ä 2: –¶–∞—Ä—Å—Ç–≤–æ —Ç—å–º—ã', '–ò—Å—Ö–æ–¥: –¶–∞—Ä–∏ –∏ –ë–æ–≥–∏', ' –ì–æ–¥–∑–∏–ª–ª–∞ ' –∏ –¥—Ä.  29 –Ω–æ—è–±—Ä—è –≤ 13:00, –∑–∞–ª ¬´–ö—Ä–∞—Å–Ω—ã–µ –≤–æ—Ä–æ—Ç–∞¬ª  –î–æ–∫–ª–∞–¥: ¬´–°–æ–∑–¥–∞–Ω–∏–µ VR-–ø–∞–Ω–æ—Ä–∞–º –ø—Ä–∏ –ø–æ–º–æ—â–∏ V-Ray 3.2 –¥–ª—è 3ds Max¬ª, –ê–Ω—Ç–æ–Ω –°—Ç–µ—Ü—ä, –≥–µ–Ω–µ—Ä–∞–ª—å–Ω—ã–π –¥–∏—Ä–µ–∫—Ç–æ—Ä, cgStan  –ê–Ω—Ç–æ–Ω –°—Ç–µ—Ü—ä –ø—Ä–æ–¥–µ–º–æ–Ω—Å—Ç—Ä–∏—Ä—É–µ—Ç –ø–æ–¥—Ö–æ–¥—ã –ø—Ä–∏ –ø—Ä–æ–∏–∑–≤–æ–¥—Å—Ç–≤–µ –∫–æ–Ω—Ç–µ–Ω—Ç–∞ –¥–ª—è –¥–µ–º–æ–Ω—Å—Ç—Ä–∞—Ü–∏–∏ –Ω–∞ VR-—É—Å—Ç—Ä–æ–π—Å—Ç–≤–∞—Ö –≤ —Å—Ä–µ–¥–µ 3ds Max + V-Ray 3.2. –û—Ü–µ–Ω–∏—Ç—å –≤—Å—é –º–æ—â—å VR-—Ç–µ—Ö–Ω–æ–ª–æ–≥–∏–∏ –í—ã —Å–º–æ–∂–µ—Ç–µ –Ω–∞ –∂–∏–≤—ã—Ö –ø—Ä–∏–º–µ—Ä–∞—Ö —Å –ø–æ–º–æ—â—å—é –æ–±–æ—Ä—É–¥–æ–≤–∞–Ω–∏—è Oculus Rift, Google Cardboard, Fibrum –∏ –¥—Ä. 29 –Ω–æ—è–±—Ä—è –≤ 15:00, –∑–∞–ª ¬´–ß–∏—Å—Ç—ã–µ –ø—Ä—É–¥—ã¬ª –ú–∞—Å—Ç–µ—Ä-–∫–ª–∞—Å—Å: ¬´–°–æ–∑–¥–∞–Ω–∏–µ VR –ø—Ä–æ–µ–∫—Ç–æ–≤ —Å –ø–æ–º–æ—â—å—é V-Ray 3.2 –¥–ª—è 3ds Max¬ª, –ö–∞–ª–∏–Ω–∞ –ü–∞–Ω—Ç–µ–ª–µ–µ–≤–∞, V-Ray Master Trainer, Chaos Group  –ö–∞–ª–∏–Ω–∞ –ü–∞–Ω—Ç–µ–ª–µ–µ–≤–∞ –ø—Ä–æ–¥–µ–º–æ–Ω—Å—Ç—Ä–∏—Ä—É–µ—Ç –Ω–æ–≤–µ–π—à–∏–µ —Ñ—É–Ω–∫—Ü–∏–∏ V-Ray 3.2 –¥–ª—è 3ds Max –¥–ª—è —Å–æ–∑–¥–∞–Ω–∏—è –ø–µ—Ä–µ–¥–æ–≤—ã—Ö –ø—Ä–æ–µ–∫—Ç–æ–≤ VR. –ù–∞ –¥–∞–Ω–Ω–æ–º –º–∞—Å—Ç–µ—Ä-–∫–ª–∞—Å—Å–µ –í—ã —Å–º–æ–∂–µ—Ç–µ –ø–æ–≥—Ä—É–∑–∏—Ç—å—Å—è –≤ –ø–æ–ª–Ω—ã–π —Ä–∞–±–æ—á–∏–π –ø—Ä–æ—Ü–µ—Å—Å-–æ—Ç –ø–æ–¥–≥–æ—Ç–æ–≤–∫–∏ —Å—Ü–µ–Ω—ã –¥–ª—è —Ä–µ–Ω–¥–µ—Ä–∏–Ω–≥–∞ –¥–æ –∏—Å–ø–æ–ª—å–∑–æ–≤–∞–Ω–∏—è VR. –ö–∞–ª–∏–Ω–∞ –ü–∞–Ω—Ç–µ–ª–µ–µ–≤–∞ –ø–æ–∫–∞–∂–µ—Ç, –∫–∞–∫ –±–æ—Ä–æ—Ç—å—Å—è —Å –ø—Ä–æ–±–ª–µ–º–∞–º–∏ –≤ –æ–±–ª–∞—Å—Ç–∏ –æ—Å–≤–µ—â–µ–Ω–∏—è, —Å–æ–∑–¥–∞–Ω–∏—è —Ä–µ–∞–ª–∏—Å—Ç–∏—á–Ω—ã—Ö –º–∞—Ç–µ—Ä–∏–∞–ª–æ–≤ –∏ —É–ø—Ä–∞–≤–ª–µ–Ω–∏—è —Ç—è–∂–µ–ª–æ–π –≥–µ–æ–º–µ—Ç—Ä–∏–µ–π. –í—ã —É–≤–∏–¥–∏—Ç–µ —Ä–∞–±–æ—Ç—É –Ω–∞–¥ —Ä–µ–∞–ª—å–Ω—ã–º –ø—Ä–æ–µ–∫—Ç–æ–º, –±–ª–∞–≥–æ–¥–∞—Ä—è —á–µ–º—É –í—ã —Å–º–æ–∂–µ—Ç–µ –ø–æ–ª—É—á–∏—Ç—å —É–Ω–∏–∫–∞–ª—å–Ω—ã–µ —Å–æ–≤–µ—Ç—ã –∏ —É–≤–∏–¥–µ—Ç—å —Ç—Ä—é–∫–∏, —Å –ø–æ–º–æ—â—å—é –∫–æ—Ç–æ—Ä—ã—Ö –í—ã —Å–º–æ–∂–µ—Ç–µ –¥–æ–±–∏—Ç—å—Å—è –±—ã—Å—Ç—Ä–æ–≥–æ —Ä–µ–Ω–¥–µ—Ä–∏–Ω–≥–∞ –∏ —Ñ–∏–∑–∏—á–µ—Å–∫–∏ —Ç–æ—á–Ω–æ–≥–æ —Ä–µ–∑—É–ª—å—Ç–∞—Ç–∞ –≤ —Å—Ç–µ—Ä–µ–æ—Å–∫–æ–ø–∏—á–µ—Å–∫–æ–º —Ä–µ–∂–∏–º–µ, —Å –∏—Å–ø–æ–ª—å–∑–æ–≤–∞–Ω–∏–µ–º –Ω–æ–≤–µ–π—à–∏—Ö –∫–∞–º–µ—Ä VR, –¥–æ—Å—Ç—É–ø–Ω—ã—Ö –≤ V-Ray 3.2 –¥–ª—è 3ds Max. –ù–æ –∏ —ç—Ç–æ –µ—â–µ –Ω–µ –≤—Å–µ...–í–∞—Å –∂–¥—É—Ç —É–Ω–∏–∫–∞–ª—å–Ω—ã–µ –ø—Ä–µ–≤—å—é –∏ –º–∞—Ç–µ—Ä–∏–∞–ª—ã –ø–æ—Å–≤—è—â–µ–Ω–Ω—ã–µ –Ω–æ–≤–æ–º—É Service Pack V-Ray 3.3 –¥–ª—è 3ds Max.  –¢–∞–∫ –∂–µ –Ω–∞ –Ω–∞—à–∏—Ö –¥–æ–∫–ª–∞–¥–∞—Ö –±—É–¥—É—Ç —Ä–∞–∑—ã–≥—Ä–∞–Ω—ã –ø–∞–º—è—Ç–Ω—ã–µ –ø—Ä–∏–∑—ã –∏ —Å—É–≤–µ–Ω–∏—Ä—ã, –∞ —Ç–∞–∫–∂–µ –ª–∏—Ü–µ–Ω–∑–∏—è V-Ray. –ü—Ä–∏—Å–æ–µ–¥–∏–Ω—è–π—Ç–µ—Å—å –∫ –Ω–∞–º!  –î–æ –≤—Å—Ç—Ä–µ—á–∏ –Ω–∞ CG EVENT MOSCOW 2015!   –£–∑–Ω–∞—Ç—å –ø–æ–¥—Ä–æ–±–Ω–µ–µ: http://csd.ru/actions/actionplace_118986.html",https://www.facebook.com/154934521219049/posts/539515516210090,154934521219049
26.11.2015 11:41:40,"–ú—ã —Å–ª–∏—à–∫–æ–º –¥–æ–ª–≥–æ –∂–¥–∞–ª–∏ –ø—Ä–µ–º—å–µ—Ä—ã —ç—Ç–æ–≥–æ —Ç—Ä–µ–π–ª–µ—Ä–∞ –∏ —É–∂–µ –Ω–µ –Ω–∞–¥–µ—è–ª–∏—Å—å —É–≤–∏–¥–µ—Ç—å –µ–≥–æ –¥–æ –ù–æ–≤–æ–≥–æ –≥–æ–¥–∞. –¢–µ–º –Ω–µ –º–µ–Ω–µ–µ, —ç—Ç–æ –Ω–µ —Å–æ–Ω - —Å–æ—Å—Ç–æ—è–ª—Å—è —Ä–µ–ª–∏–∑ –¥–µ–±—é—Ç–Ω–æ–≥–æ —Ç—Ä–µ–π–ª–µ—Ä–∞ –∫ —Ñ–∏–ª—å–º—É ¬´–ü–µ—Ä–≤—ã–π –º—Å—Ç–∏—Ç–µ–ª—å 3¬ª, –≤ –∫–æ—Ç–æ—Ä–æ–º –ö–∞–ø–∏—Ç–∞–Ω –ê–º–µ—Ä–∏–∫–∞ –≤—ã—Å—Ç—É–ø–∏—Ç –ø—Ä–æ—Ç–∏–≤ –±—ã–≤—à–µ–≥–æ —Å–æ—é–∑–Ω–∏–∫–∞ –¢–æ–Ω–∏ –°—Ç–∞—Ä–∫–∞. –í —Ç—Ä–µ–π–ª–µ—Ä–µ –º—ã —É–≤–∏–¥–∏–º —É–∂–µ –∑–Ω–∞–∫–æ–º—ã—Ö –Ω–∞–º –ú—Å—Ç–∏—Ç–µ–ª–µ–π –∏ –∏—Ö –±–ª–∏–∂–∞–π—à–∏—Ö –¥—Ä—É–∑–µ–π - –ë–∞–∫–∏, –°–æ–∫–æ–ª–∞, –ß–µ—Ä–Ω—É—é –≤–¥–æ–≤—É, –ê–ª—É—é –≤–µ–¥—å–º—É –∏ –°–æ–∫–æ–ª–∏–Ω–æ–≥–æ –ì–ª–∞–∑–∞. –ü–æ—Å–ª–µ —Å–æ–±—ã—Ç–∏–π, –ø–æ–∫–∞–∑–∞–Ω–Ω—ã—Ö –≤ ¬´–≠—Ä–µ –ê–ª—å—Ç—Ä–æ–Ω–∞¬ª, –ø–æ–ª–∏—Ç–∏–∫–∏ —Å–æ–±–∏—Ä–∞—é—Ç—Å—è –ø—Ä–∏–Ω—è—Ç—å –∞–∫—Ç —Ä–µ–≥–∏—Å—Ç—Ä–∞—Ü–∏–∏ —Å—É–ø–µ—Ä–≥–µ—Ä–æ–µ–≤, —á—Ç–æ–±—ã —Ç–µ –Ω–µ—Å–ª–∏ –æ—Ç–≤–µ—Ç—Å—Ç–≤–µ–Ω–Ω–æ—Å—Ç—å –∑–∞ —Å–≤–æ—é –¥–µ—è—Ç–µ–ª—å–Ω–æ—Å—Ç—å. –ò–º–µ–Ω–Ω–æ —ç—Ç–æ—Ç –∞–∫—Ç –∏ —Å—Ç–∞–Ω–µ—Ç –ø—Ä–∏—á–∏–Ω–æ–π —Ä–∞–∑—Ä—ã–≤–∞ –º–µ–∂–¥—É –±—ã–≤—à–∏–º–∏ –¥—Ä—É–∑—å—è–º–∏ - —á–∞—Å—Ç—å –ø–æ–¥–¥–µ—Ä–∂–∏—Ç –ñ–µ–ª–µ–∑–Ω–æ–≥–æ —á–µ–ª–æ–≤–µ–∫–∞, –∞ –¥—Ä—É–≥–∞—è –∑–∞–π–º–µ—Ç —Å—Ç–æ—Ä–æ–Ω—É –ö–∞–ø–∏—Ç–∞–Ω–∞. –ö—Å—Ç–∞—Ç–∏, –≤ —Ä–æ—Å—Å–∏–π—Å–∫–æ–º –ø—Ä–æ–∫–∞—Ç–µ —Ñ–∏–ª—å–º —Å–Ω–æ–≤–∞ –ø–µ—Ä–µ–∏–º–µ–Ω–æ–≤–∞–ª–∏ - —Ç–µ–ø–µ—Ä—å –æ–Ω –±—É–¥–µ—Ç –≤—ã—Ö–æ–¥–∏—Ç—å –ø–æ–¥ –Ω–∞–∑–≤–∞–Ω–∏–µ–º ¬´–ü–µ—Ä–≤—ã–π –º—Å—Ç–∏—Ç–µ–ª—å: –ü—Ä–æ—Ç–∏–≤–æ—Å—Ç–æ—è–Ω–∏–µ¬ª. –ï–≥–æ —Ä–µ–ª–∏–∑ –∑–∞–ø–ª–∞–Ω–∏—Ä–æ–≤–∞–Ω –Ω–∞ 5 –º–∞—è 2016 –≥–æ–¥–∞.",http://vk.com/wall175863714_2745,175863714
26.11.2015 11:07:37,"–í –°–µ—Ç–∏ –ø–æ—è–≤–∏–ª—Å—è –¥–æ–ª–≥–æ–∂–¥–∞–Ω–Ω—ã–π –¥–µ–±—é—Ç–Ω—ã–π —Ç—Ä–µ–π–ª–µ—Ä –Ω–æ–≤–æ–≥–æ —Ñ–∏–ª—å–º–∞ —Å—Ç—É–¥–∏–∏ Marvel ¬´–ü–µ—Ä–≤—ã–π –º—Å—Ç–∏—Ç–µ–ª—å: –ü—Ä–æ—Ç–∏–≤–æ—Å—Ç–æ—è–Ω–∏–µ¬ª. –ú–∏—Ä–æ–≤–∞—è –ø—Ä–µ–º—å–µ—Ä–∞ –∫–∞—Ä—Ç–∏–Ω—ã –Ω–∞–º–µ—á–µ–Ω–∞ –Ω–∞ —Å–µ—Ä–µ–¥–∏–Ω—É –≤–µ—Å–Ω—ã 2016 –≥–æ–¥–∞.  –ê —Ç—ã –∂–¥–µ—à—å –Ω–æ–≤–∏–Ω–∫—É –æ—Ç Marvel?",http://ok.ru/group/42559086985346/topic/64567777315714,42559086985346
26.11.2015 17:06:26,"–∂–¥–µ–º–º–º–º–º–º",http://ok.ru/group/42559086985346/topic/64567777315714#commentMTQ0ODU1NzU4NjI2OTotNTA1MToxNDQ4NTU3NTg2MjY5OjY0NTY3Nzc3MzE1NzE0OjE=,569367774655
26.11.2015 17:06:19,"–í–æ—Ç —ç—Ç–æ –∫–ª–∞—Å—Å —Å–ª–æ–≤ –Ω–µ—Ç—É –≤–∞—É—É—É—Éüëç üëç üëç üëç",http://ok.ru/group/42559086985346/topic/64567777315714#commentMTQ0ODU1NzU3OTc5NTotODU5OToxNDQ4NTU3NTc5Nzk1OjY0NTY3Nzc3MzE1NzE0OjE=,569367774655
26.11.2015 11:55:10,"–°—É–ø–µ—Ä",http://ok.ru/group/42559086985346/topic/64567777315714#commentMTQ0ODUzODkxMDk4NTotMTEyMjU6MTQ0ODUzODkxMDk4NTo2NDU2Nzc3NzMxNTcxNDox,582853536816
26.11.2015 11:49:49,"–∫–ª–∞—Å—Å",http://ok.ru/group/42559086985346/topic/64567777315714#commentMTQ0ODUzODU4OTI2NTotMTQ5ODU6MTQ0ODUzODU4OTI2NTo2NDU2Nzc3NzMxNTcxNDox,352622446170
26.11.2015 11:04:19,"–ü–µ—Ä–≤—ã–π –º—Å—Ç–∏—Ç–µ–ª—å 3 —Ç—Ä–µ–π–ª–µ—Ä –Ω–∞ —Ä—É—Å—Å–∫–æ–º - –ì—Ä–∞–∂–¥–∞–Ω—Å–∫–∞—è –≤–æ–π–Ω–∞ (2016) HD |  –¢—Ä–µ–π–ª–µ—Ä—ã –∫ —Ñ–∏–ª—å–º–∞–º 2015",http://vk.com/wall165147764_1167,165147764
26.11.2015 10:17:33,"–¢—Ä–µ–π–ª–µ—Ä –Ω–æ–≤–æ–≥–æ –ö–∞–ø–∏—Ç–∞–Ω–∞ –ê–º–µ—Ä–∏–∫–∞: '–ü–µ—Ä–≤—ã–π –º—Å—Ç–∏—Ç–µ–ª—å: –ü—Ä–æ—Ç–∏–≤–æ—Å—Ç–æ—è–Ω–∏–µ'",http://vk.com/wall5105136_44075,5105136
26.11.2015 10:00:00,"'–ü—Ä–æ—Å—Ç–∏, –¢–æ–Ω–∏. –¢—ã –∑–Ω–∞–µ—à—å, —è –±—ã –Ω–µ —Å–¥–µ–ª–∞–ª —ç—Ç–æ–≥–æ, –µ—Å–ª–∏ –±—ã —É –º–µ–Ω—è –±—ã–ª –≤—ã–±–æ—Ä...'  –ù–µ –ø—Ä–æ–ø—É—Å—Ç–∏—Ç–µ –ø–µ—Ä–≤—ã–π —Ç—Ä–µ–π–ª–µ—Ä –∫ —Ñ–∏–ª—å–º—É ¬´–ü–µ—Ä–≤—ã–π –º—Å—Ç–∏—Ç–µ–ª—å: –ü—Ä–æ—Ç–∏–≤–æ—Å—Ç–æ—è–Ω–∏–µ¬ª. https://www.youtube.com/watch?v=43NWzay3W4s#action=share",https://www.facebook.com/645055175563496/posts/943115689090775,645055175563496
26.11.2015 09:49:16,"–í —Å–µ—Ç–∏ –ø–æ—è–≤–∏–ª—Å—è –ø–µ—Ä–≤—ã–π —Ç—Ä–µ–π–ª–µ—Ä —Ñ–∏–ª—å–º–∞ '–ü–µ—Ä–≤—ã–π –º—Å—Ç–∏—Ç–µ–ª—å: –ø—Ä–æ—Ç–∏–≤–æ—Å—Ç–æ—è–Ω–∏–µ'. –£–≤–∏–¥–µ—Ç—å –≤–æ–π–Ω—É –ñ–µ–ª–µ–∑–Ω–æ–≥–æ –ß–µ–ª–æ–≤–µ–∫–∞ –∏ –ö–∞–ø–∏—Ç–∞–Ω–∞ –ê–º–µ—Ä–∏–∫–∞ –º–æ–∂–Ω–æ –±—É–¥–µ—Ç –≤–µ—Å–Ω–æ–π —Å–ª–µ–¥—É—é—â–µ–≥–æ –≥–æ–¥–∞. –ö–∞–∫–∏–µ –µ—â—ë —Ñ–∏–ª—å–º—ã –∂–¥—ë–º –≤ 2016-–º? –£–∑–Ω–∞–µ—Ç–µ –∏–∑ —Ä–µ–ø–æ—Ä—Ç–∞–∂–∞ –ø–æ –∞–¥—Ä–µ—Å—É http://radiorostova.podfm.ru/radiopatrol/1739  –°–∞–º —Ç—Ä–µ–π–ª–µ—Ä –¥–æ—Å—Ç—É–ø–µ–Ω –ø–æ –∞–¥—Ä–µ—Å—É https://www.youtube.com/watch?v=NftSKKqZE0M",http://ok.ru/group/51729863606400/topic/64645772227968,51729863606400
26.11.2015 09:35:21,"–ü–µ—Ä–≤—ã–π –º—Å—Ç–∏—Ç–µ–ª—å: –ü—Ä–æ—Ç–∏–≤–æ—Å—Ç–æ—è–Ω–∏–µ (2016) ‚Üì –ø—Ä–µ–º—å–µ—Ä–∞ (–†–§): 5 –º–∞—è 2016 --------------------------------------------------------------------------------------------------------",http://ok.ru/group/52609812332729/topic/64588900890041,52609812332729
26.11.2015 08:35:04,"–í –°–µ—Ç–∏ –ø–æ—è–≤–∏–ª—Å—è —Ç—Ä–µ–π–ª–µ—Ä —Ñ–∏–ª—å–º–∞ '–ü–µ—Ä–≤—ã–π –º—Å—Ç–∏—Ç–µ–ª—å: –ü—Ä–æ—Ç–∏–≤–æ—Å—Ç–æ—è–Ω–∏–µ'.üòé –°–º–æ—Ç—Ä–∏–º –î—Ä—É–∑—å—è!",http://vk.com/wall146121232_1697,146121232
26.11.2015 08:20:34,"–ü–µ—Ä–≤—ã–π —Ç—Ä–µ–π–ª–µ—Ä –∫ –æ–¥–Ω–æ–º—É –∏–∑ —Å–∞–º—ã—Ö –æ–∂–∏–¥–∞–µ–º—ã—Ö —Ñ–∏–ª—å–º–æ–≤ —Å–ª–µ–¥—É—é—â–µ–≥–æ –≥–æ–¥–∞ - –±–ª–æ–∫–±–∞—Å—Ç–µ—Ä—É MARVEL ¬´–ü–µ—Ä–≤—ã–π –º—Å—Ç–∏—Ç–µ–ª—å: –ü—Ä–æ—Ç–∏–≤–æ—Å—Ç–æ—è–Ω–∏–µ¬ª! –í –∫–∏–Ω–æ —Å 5 –º–∞—è 2016 –≥–æ–¥–∞.  #MARVEL #–ú—Å—Ç–∏—Ç–µ–ª–∏",https://www.facebook.com/137515992990092/posts/951029754972041,137515992990092
26.11.2015 08:09:43,"–ö–∞–∫ –¥–æ–ª–≥–æ –º—ã —ç—Ç–æ–≥–æ –∂–¥–∞–ª–∏! –ù–∞–∫–æ–Ω–µ—Ü-—Ç–æ –≤—ã—à–µ–ª –ø–µ—Ä–≤—ã–π —Ç—Ä–µ–π–ª–µ—Ä —Ñ–∏–ª—å–º–∞ ¬´–ü–µ—Ä–≤—ã–π –ú—Å—Ç–∏—Ç–µ–ª—å: –ü—Ä–æ—Ç–∏–≤–æ—Å—Ç–æ—è–Ω–∏–µ¬ª",http://ok.ru/group/52407784636637/topic/64500219352541,52407784636637
26.11.2015 08:05:00,"–ü–æ–∂–∞–ª—É–π, —Å–∞–º—ã–π –ª—É—á—à–∏–π –º–æ–º–µ–Ω—Ç –∏–∑ —Ç—Ä–µ–π–ª–µ—Ä–∞! (¬´–ü–µ—Ä–≤—ã–π –ú—Å—Ç–∏—Ç–µ–ª—å: –ü—Ä–æ—Ç–∏–≤–æ—Å—Ç–æ—è–Ω–∏–µ¬ª)",http://ok.ru/group/52407784636637/topic/64500205524445,52407784636637
26.11.2015 06:52:52,"–°–º–æ—Ç—Ä–∏–º —Ä—É—Å—Å–∫–æ—è–∑—ã—á–Ω—ã–π —Ç—Ä–µ–π–ª–µ—Ä —Ñ–∏–ª—å–º–∞ '–ü–µ—Ä–≤—ã–π –º—Å—Ç–∏—Ç–µ–ª—å: –ü—Ä–æ—Ç–∏–≤–æ—Å—Ç–æ—è–Ω–∏–µ' - http://www.kinomania.ru/film/776413/trailers/48403/",https://www.facebook.com/106629932735181/posts/1085121601552671,106629932735181
26.11.2015 06:31:44,"–°–º–æ—Ç—Ä–∏—Ç–µ '–ü–µ—Ä–≤—ã–π –º—Å—Ç–∏—Ç–µ–ª—å: –ü—Ä–æ—Ç–∏–≤–æ—Å—Ç–æ—è–Ω–∏–µ (2016) | –¢—Ä–µ–π–ª–µ—Ä' –Ω–∞ YouTube",http://vk.com/wall329404038_17,329404038
26.11.2015 06:03:44,"–î—É–±–ª–∏—Ä–æ–≤–∞–Ω–Ω—ã–π —Ç—Ä–µ–π–ª–µ—Ä —Ñ–∏–ª—å–º–∞ ¬´–ü–µ—Ä–≤—ã–π –ú—Å—Ç–∏—Ç–µ–ª—å: –ü—Ä–æ—Ç–∏–≤–æ—Å—Ç–æ—è–Ω–∏–µ¬ª.",http://ok.ru/group/53228994101486/topic/64685824838638,53228994101486
26.11.2015 04:35:50,"–ü–µ—Ä–≤—ã–π –º—Å—Ç–∏—Ç–µ–ª—å –ü—Ä–æ—Ç–∏–≤–æ—Å—Ç–æ—è–Ω–∏–µ –†—É—Å—Å–∫–∏–π –¢—Ä–µ–π–ª–µ—Ä 2016",http://ok.ru/profile/564927097495/statuses/64585888951191,564927097495
26.11.2015 04:35:40,"–ü–µ—Ä–≤—ã–π –º—Å—Ç–∏—Ç–µ–ª—å –ü—Ä–æ—Ç–∏–≤–æ—Å—Ç–æ—è–Ω–∏–µ –†—É—Å—Å–∫–∏–π –¢—Ä–µ–π–ª–µ—Ä 2016",http://ok.ru/profile/564927097495/statuses/64585888492439,564927097495
26.11.2015 04:14:34,"–ü–µ—Ä–≤—ã–π –º—Å—Ç–∏—Ç–µ–ª—å –ü—Ä–æ—Ç–∏–≤–æ—Å—Ç–æ—è–Ω–∏–µ –†—É—Å—Å–∫–∏–π –¢—Ä–µ–π–ª–µ—Ä 2016",http://ok.ru/profile/211055492676/statuses/64661571179844,211055492676
26.11.2015 03:21:38,"–ö–∞–∫ –∂–µ –¥–æ–ª–≥–æ –º–Ω–æ–≥–∏–µ —ç—Ç–æ–≥–æ –∂–¥–∞–ª–∏! –í—ã—à–µ–ª —Ç—Ä–µ–π–ª–µ—Ä –ü–µ—Ä–≤—ã–π –º—Å—Ç–∏—Ç–µ–ª—å: –ü—Ä–æ—Ç–∏–≤–æ—Å—Ç–æ—è–Ω–∏–µ (–ì—Ä–∞–∂–¥–∞–Ω—Å–∫–∞—è –≤–æ–π–Ω–∞)",http://ok.ru/group/53766694830177/topic/64520967277409,53766694830177
26.11.2015 01:00:07,"#mixfm –í—ã—à–µ–ª –ø–µ—Ä–≤—ã–π —Ç—Ä–µ–π–ª–µ—Ä —Ñ–∏–ª—å–º–∞ –æ —Ä–∞—Å–∫–æ–ª–µ –º—Å—Ç–∏—Ç–µ–ª–µ–π '–ü–µ—Ä–≤—ã–π –º—Å—Ç–∏—Ç–µ–ª—å: –ü—Ä–æ—Ç–∏–≤–æ—Å—Ç–æ—è–Ω–∏–µ'.",http://ok.ru/group/57530810630185/topic/64626544497961,57530810630185
26.11.2015 00:36:37,"–û–•–ï–†–ï–ù–ù–û!!!! –£–∂–µ –≤–∏–∂—É —á—Ç–æ —ç—Ç–æ –æ—á–µ—Ä–µ–¥–Ω–∞—è –≥–µ–Ω–∏–∞–ª—å–Ω–æ—Å—Ç—å –ø–æ –∫–æ–º–∏–∫—Å–∞–º! –û—Ç–¥–µ–ª—å–Ω–æ–µ —Å–ø–∞—Å–∏–±–æ –ª—é–¥—è–º –∫–æ—Ç–æ—Ä—ã–µ —Å—Ç–∞–≤—è—Ç —ç–∫—à–Ω —Å—Ü–µ–Ω—ã –∫ '–ú—Å—Ç–∏—Ç–µ–ª—è–º' –∏ '–ü–µ—Ä–≤–æ–º—É –º—Å—Ç–∏—Ç–µ–ª—é' - –ø–æ—Ç—Ä—è—Å–Ω–æ :)",http://vk.com/wall4112146_2405,4112146
25.11.2015 22:43:45,"–ü–µ—Ä–≤—ã–π –º—Å—Ç–∏—Ç–µ–ª—å: –ü—Ä–æ—Ç–∏–≤–æ—Å—Ç–æ—è–Ω–∏–µ - –¢—Ä–µ–π–ª–µ—Ä",http://vk.com/wall841780_623,841780
25.11.2015 21:36:40,"–ü–µ—Ä–≤—ã–π –º—Å—Ç–∏—Ç–µ–ª—å: –ü—Ä–æ—Ç–∏–≤–æ—Å—Ç–æ—è–Ω–∏–µ (2016) | –¢—Ä–µ–π–ª–µ—Ä",http://vk.com/wall335503751_5,335503751
25.11.2015 21:14:15,"–ù–∞–∑–≤–∞–Ω–∏–µ —Ñ–∏–ª—å–º–∞ - –ü–µ—Ä–≤—ã–π –º—Å—Ç–∏—Ç–µ–ª—å: –ü—Ä–æ—Ç–∏–≤–æ—Å—Ç–æ—è–Ω–∏–µ (2016) –û—Ä–∏–≥–∏–Ω–∞–ª—å–Ω–æ–µ –Ω–∞–∑–≤–∞–Ω–∏–µ - Captain America: Civil War (2016) –°—Ç—Ä–∞–Ω–∞ - –°–®–ê –ñ–∞–Ω—Ä - —Ñ–∞–Ω—Ç–∞—Å—Ç–∏–∫–∞, –±–æ–µ–≤–∏–∫, —Ç—Ä–∏–ª–ª–µ—Ä –†–µ–∂–∏—Å—Å–µ—Ä - –≠–Ω—Ç–æ–Ω–∏ –†—É—Å—Å–æ, –î–∂–æ –†—É—Å—Å–æ –í —Ä–æ–ª—è—Ö - –ö—Ä–∏—Å –≠–≤–∞–Ω—Å, –°–∫–∞—Ä–ª–µ—Ç—Ç –ô–æ—Ö–∞–Ω—Å—Å–æ–Ω, –†–æ–±–µ—Ä—Ç –î–∞—É–Ω–∏ –º–ª., –≠–ª–∏–∑–∞–±–µ—Ç –û–ª—Å–µ–Ω, –õ–µ—Å–ª–∏ –ë–∏–±–±, –ü–æ–ª –†–∞–¥–¥, –ú–∞—Ä–∏—Å–∞ –¢–æ–º–µ–π, –≠–Ω—Ç–æ–Ω–∏ –ú–∞–∫–∏, –î–∂–µ—Ä–µ–º–∏ –†–µ–Ω–Ω–µ—Ä, –ü–æ–ª –ë–µ—Ç—Ç–∞–Ω–∏...  –ü—Ä–µ–º—å–µ—Ä–∞ (–º–∏—Ä) - 28 –∞–ø—Ä–µ–ª—è 2016 –ü—Ä–µ–º—å–µ—Ä–∞ (–†–§) - 5 –º–∞—è 2016 –ü—Ä–æ–∫–∞—Ç—á–∏–∫ - WDSSPR  –°—é–∂–µ—Ç: –ú—Å—Ç–∏—Ç–µ–ª–∏ –ø–æ–¥ —Ä—É–∫–æ–≤–æ–¥—Å—Ç–≤–æ–º –ö–∞–ø–∏—Ç–∞–Ω–∞ –ê–º–µ—Ä–∏–∫–∏ –æ–∫–∞–∑—ã–≤–∞—é—Ç—Å—è —É—á–∞—Å—Ç–Ω–∏–∫–∞–º–∏ —Ä–∞–∑—Ä—É—à–∏—Ç–µ–ª—å–Ω–æ–≥–æ –∏–Ω—Ü–∏–¥–µ–Ω—Ç–∞, –∏–º–µ—é—â–µ–≥–æ –º–µ–∂–¥—É–Ω–∞—Ä–æ–¥–Ω—ã–π –º–∞—Å—à—Ç–∞–±. –≠—Ç–∏ —Å–æ–±—ã—Ç–∏—è –∑–∞—Å—Ç–∞–≤–ª—è—é—Ç –ø—Ä–∞–≤–∏—Ç–µ–ª—å—Å—Ç–≤–æ –∑–∞–¥—É–º–∞—Ç—å—Å—è –Ω–∞–¥ —Ç–µ–º, —á—Ç–æ–±—ã –Ω–∞—á–∞—Ç—å —Ä–µ–≥—É–ª–∏—Ä–æ–≤–∞—Ç—å –¥–µ–π—Å—Ç–≤–∏—è –≤—Å–µ—Ö –ª—é–¥–µ–π —Å –æ—Å–æ–±—ã–º–∏ —Å–ø–æ—Å–æ–±–Ω–æ—Å—Ç—è–º–∏, –≤–≤–µ–¥—è ¬´–ê–∫—Ç –æ —Ä–µ–≥–∏—Å—Ç—Ä–∞—Ü–∏–∏ —Å—É–ø–µ—Ä–≥–µ—Ä–æ–µ–≤¬ª, –≤—ã–Ω—É–∂–¥–∞—è –∏—Ö —Ä–∞—Å–∫—Ä—ã—Ç—å —Å–≤–æ–∏ –ª–∏—á–Ω–æ—Å—Ç–∏ –∏ —Ä–∞–±–æ—Ç–∞—Ç—å –Ω–∞ –ø—Ä–∞–≤–∏—Ç–µ–ª—å—Å—Ç–≤–µ–Ω–Ω—ã–µ —Å–ª—É–∂–±—ã. –í–∏–¥—è –≤ —ç—Ç–æ–º –∑–∞–∫–æ–Ω–µ –Ω–∞—Ä—É—à–µ–Ω–∏–µ –≥—Ä–∞–∂–¥–∞–Ω—Å–∫–∏—Ö –ø—Ä–∞–≤ –∏ –ø–ª–µ–≤–æ–∫ –≤–æ –≤—Å—ë, —á—Ç–æ –æ–Ω –≤–µ—Ä–∏—Ç, –°—Ç–∏–≤ –†–æ–¥–∂–µ—Ä—Å –æ—Ç–∫—Ä—ã—Ç–æ –≤–æ—Å—Å—Ç–∞—ë—Ç –ø—Ä–æ—Ç–∏–≤ –Ω–æ–≤–æ–≥–æ —Ä–µ–∂–∏–º–∞, –≤–µ–¥—è –∑–∞ —Å–æ–±–æ–π –≥—Ä—É–ø–ø—É –≥–µ—Ä–æ–µ–≤, –ø–æ–¥–¥–µ—Ä–∂–∏–≤–∞—é—â–∏—Ö –µ–≥–æ –º–Ω–µ–Ω–∏–µ. –í —Å–≤–æ—é",http://ok.ru/group/54658507997200/topic/64658077518608,54658507997200
25.11.2015 20:15:11,"–ù–æ–≤—ã–π —Ç—Ä–µ–π–ª–µ—Ä —Ñ–∏–ª—å–º–∞ '–ü–µ—Ä–≤—ã–π –º—Å—Ç–∏—Ç–µ–ª—å 3: –ü—Ä–æ—Ç–∏–≤–æ—Å—Ç–æ—è–Ω–∏–µ'  –ö–∏–Ω–æ—Å—Ç—É–¥–∏–µ–π 'Marvel' –æ–ø—É–±–ª–∏–∫–æ–≤–∞–Ω –Ω–æ–≤—ã–π —Ç—Ä–µ–π–ª–µ—Ä —Ñ–∞–Ω—Ç–∞—Å—Ç–∏—á–µ—Å–∫–æ–π –∫–∞—Ä—Ç–∏–Ω—ã '–ü–µ—Ä–≤—ã–π –º—Å—Ç–∏—Ç–µ–ª—å 3: –ü—Ä–æ—Ç–∏–≤–æ—Å—Ç–æ—è–Ω–∏–µ' (–≤—Ç–æ—Ä–æ–µ –Ω–∞–∑–≤–∞–Ω–∏–µ '–†–∞—Å–∫–æ–ª –º—Å—Ç–∏—Ç–µ–ª–µ–π'), –≤ –∫–æ—Ç–æ—Ä–æ–π –≥–ª–∞–≤–Ω—É—é —Ä–æ–ª—å –∏–≥—Ä–∞–µ—Ç –ö—Ä–∏—Å –≠–≤–∞–Ω—Å",http://ok.ru/group/52841262612654/topic/64666978664622,52841262612654
25.11.2015 19:52:34,"üí•–ü–µ—Ä–≤—ã–π –º—Å—Ç–∏—Ç–µ–ª—å: –ü—Ä–æ—Ç–∏–≤–æ—Å—Ç–æ—è–Ω–∏–µüí•     –°–æ—É—á–∞—Å—Ç–Ω–∏–∫–∞–º–∏ —Ç—Ä–∞–≥–∏—á–µ—Å–∫–æ–≥–æ –∏–Ω—Ü–∏–¥–µ–Ω—Ç–∞ –º–µ–∂–¥—É–Ω–∞—Ä–æ–¥–Ω–æ–≥–æ –º–∞—Å—à—Ç–∞–±–∞ —è–≤–ª—è—é—Ç—Å—è –ú—Å—Ç–∏—Ç–µ–ª–∏, –≤–æ–∑–≥–ª–∞–≤–ª—è–µ–º—ã–µ –ö–∞–ø–∏—Ç–∞–Ω–æ–º –ê–º–µ—Ä–∏–∫–∞. –¢–∞–∫–∏–µ –Ω–µ–æ—Ä–¥–∏–Ω–∞—Ä–Ω—ã–µ —Å–æ–±—ã—Ç–∏—è –ø–æ–¥—Ç–∞–ª–∫–∏–≤–∞—é—Ç —Ä—É–∫–æ–≤–æ–¥—Å—Ç–≤–æ –≤–≤–µ—Å—Ç–∏ –Ω–æ—Ä–º–∞—Ç–∏–≤–Ω—ã–π –∞–∫—Ç '–û —Ä–µ–≥–∏—Å—Ç—Ä–∞—Ü–∏–∏ —Å—É–ø–µ—Ä–≥–µ—Ä–æ–µ–≤', –¥–ª—è —Ä–µ–≥—É–ª–∏—Ä–æ–≤–∞–Ω–∏—è –∏ –∫–æ–Ω—Ç—Ä–æ–ª—è –Ω–∞–¥ –≤—Å–µ–º–∏ –Ω–µ–æ–±—ã—á–Ω—ã–º–∏ –ª—é–¥—å–º–∏ —Å —Å—É–ø–µ—Ä —Å–ø–æ—Å–æ–±–Ω–æ—Å—Ç—è–º–∏, –∑–∞—Å—Ç–∞–≤–ª—è—é—â–∏–π –∏—Ö —Ç—Ä—É–¥–∏—Ç—å—Å—è –Ω–∞ —Å–ø–µ—Ü—Å–ª—É–∂–±—ã –ø—Ä–∞–≤–∏—Ç–µ–ª—å—Å—Ç–≤–∞ –∏ –ø–æ–∫–∞–∑–∞—Ç—å –º–∏—Ä—É —Å–≤–æ–∏ –∏—Å—Ç–∏–Ω–Ω—ã–µ –ª–∏—á–Ω–æ—Å—Ç–∏. –°—Ç–∏–≤ –†–æ–¥–∂–µ—Ä—Å, —É–≤–∏–¥–µ–≤ –≤ —ç—Ç–æ–º –∑–∞–∫–æ–Ω–æ–¥–∞—Ç–µ–ª—å–Ω–æ–º –∞–∫—Ç–µ –ø—Ä–∏—Ç–µ—Å–Ω–µ–Ω–∏–µ –ø—Ä–∞–≤ —á–µ–ª–æ–≤–µ–∫–∞ –∏ –ø—Ä–∏—Ç–µ—Å–Ω–µ–Ω–∏–µ –≤—Å–µ–≥–æ, –≤–æ —á—Ç–æ –æ–Ω –≤–µ—Ä–∏—Ç, –æ—Ç–∫—Ä—ã—Ç–æ –ø—Ä–æ—Ç–∏–≤–∏—Ç—Å—è –æ–±–Ω–æ–≤–ª–µ–Ω–Ω–æ–º—É —Ä–µ–∂–∏–º—É...    üì∫–°–º–æ—Ç—Ä–µ—Ç—å –æ–Ω–ª–∞–π–Ω: http://mult-filmy-online.ru/stuff/multfilmy_dlja_detej/polnometrazhnye_multfilmy_dlja_detej/pervyj_mstitel_protivostojanie/36-1-0-1320    #–º—É–ª—å—Ç—Ñ–∏–ª—å–º—ã@multfilmy_online #–º—É–ª—å—Ç–∏–∫–∏ #–º—É–ª—å—Ç–∏–∫–∏–æ–Ω–ª–∞–π–Ω #–º—É–ª—å—Ç—Ñ–∏–ª—å–º—ã #—Å–∫–∞–∑–∫–∏",http://ok.ru/group/52231615676509/topic/64517589065821,52231615676509
25.11.2015 19:48:38,"¬´–ü–µ—Ä–≤—ã–π –º—Å—Ç–∏—Ç–µ–ª—å: –ü—Ä–æ—Ç–∏–≤–æ—Å—Ç–æ—è–Ω–∏–µ¬ª: –ü—Ä–µ–º—å–µ—Ä–∞ —Ç—Ä–µ–π–ª–µ—Ä–∞ –ë—Ä–∞—Ç—å—è –†—É—Å—Å–æ, —Å–Ω—è–≤—à–∏–µ –≤—Ç–æ—Ä–æ–π —Ñ–∏–ª—å–º —Ñ—Ä–∞–Ω—à–∏–∑—ã ¬´–ü–µ—Ä–≤—ã–π –º—Å—Ç–∏—Ç–µ–ª—å¬ª, –∑–∞–±–∏—Ä–∞—é—Ç –≤ —Å–≤–æ–∏ —Ä—É–∫–∏ –Ω–µ —Ç–æ–ª—å–∫–æ –Ω–æ–≤—É—é —Å–µ—Ä–∏—é –æ –ø—Ä–∏–∫–ª—é—á–µ–Ω–∏—è—Ö –ö–∞–ø–∏—Ç–∞–Ω–∞ –ê–º–µ—Ä–∏–∫–∞, –Ω–æ –∏ –¥–≤–µ —á–∞—Å—Ç–∏ —Å–ª–µ–¥—É—é—â–∏—Ö ¬´–ú—Å—Ç–∏—Ç–µ–ª–µ–π¬ª. –ù–æ –¥–æ —ç—Ç–æ–≥–æ –µ—â–µ –¥–æ–ª–≥–æ, –∞ –≤ –º–∞–µ –±—É–¥—É—â–µ–≥–æ –≥–æ–¥–∞ –º—ã –≤—Å—Ç—Ä–µ—Ç–∏–º—Å—è —Å –∫–æ–º–∞–Ω–¥–æ–π –≥–µ—Ä–æ–µ–≤ Marvel –≤ ¬´–ü—Ä–æ—Ç–∏–≤–æ—Å—Ç–æ—è–Ω–∏–∏¬ª. '–í—Å—ë –æ –º–∏—Ä–µ –ö–ò–ù–û' –ø—Ä–µ–¥—Å—Ç–∞–≤–ª—è–µ—Ç –ø–µ—Ä–≤—ã–π –¥—É–±–ª–∏—Ä–æ–≤–∞–Ω–Ω—ã–π —Ç—Ä–µ–π–ª–µ—Ä —Ñ–∏–ª—å–º–∞.  –ü–æ—Å–ª–µ —Å–æ–±—ã—Ç–∏–π, –ø–æ–∫–∞–∑–∞–Ω–Ω—ã—Ö –≤ —Ñ–∏–ª—å–º–µ ¬´–≠—Ä–∞ –ê–ª—å—Ç—Ä–æ–Ω–∞¬ª, –ø–æ–ª–∏—Ç–∏–∫–∏ —Å–æ–±–∏—Ä–∞—é—Ç—Å—è –ø—Ä–∏–Ω—è—Ç—å –∞–∫—Ç —Ä–µ–≥–∏—Å—Ç—Ä–∞—Ü–∏–∏ —Å—É–ø–µ—Ä–≥–µ—Ä–æ–µ–≤, —á—Ç–æ–±—ã —Ç–µ –Ω–µ—Å–ª–∏ –æ—Ç–≤–µ—Ç—Å—Ç–≤–µ–Ω–Ω–æ—Å—Ç—å –∑–∞ —Å–≤–æ—é –¥–µ—è—Ç–µ–ª—å–Ω–æ—Å—Ç—å. –û–¥–Ω–∏–º –∏–∑ –≥–ª–∞–≤–Ω—ã—Ö –ø–æ–±–æ—Ä–Ω–∏–∫–æ–≤ –Ω–æ–≤–æ–≥–æ –∞–∫—Ç–∞ —Å—Ç–∞–Ω–æ–≤–∏—Ç—Å—è –¢–æ–Ω–∏ –°—Ç–∞—Ä–∫. –ü—Ä–æ—Ç–∏–≤–æ—Å—Ç–æ–∏—Ç –µ–º—É –ö–∞–ø–∏—Ç–∞–Ω –ê–º–µ—Ä–∏–∫–∞, —Å—á–∏—Ç–∞—é—â–∏–π, —á—Ç–æ –≥—Ä–∞–∂–¥–∞–Ω—Å–∫–∏–µ —Å–≤–æ–±–æ–¥—ã –≤–∞–∂–Ω–µ–µ –≤—Å–µ–≥–æ. –ö—Ç–æ –∏–∑ –∫–æ–º–∞–Ω–¥—ã —Å—É–ø–µ—Ä–≥–µ—Ä–æ–µ–≤ –∑–∞–π–º–µ—Ç —Å—Ç–æ—Ä–æ–Ω—É –º–∏–ª–ª–∏–æ–Ω–µ—Ä–∞ –≤ –∂–µ–ª–µ–∑–Ω–æ–º –∫–æ—Å—Ç—é–º–µ, –∞ –∫—Ç–æ –ø–µ—Ä–µ–π–¥–µ—Ç –Ω–∞ —Å—Ç–æ—Ä–æ–Ω—É –≤–µ—Ç–µ—Ä–∞–Ω–∞ –í—Ç–æ—Ä–æ–π –º–∏—Ä–æ–≤–æ–π?",http://ok.ru/group/53395153813746/topic/64588628088306,53395153813746
25.11.2015 19:14:12,"–ö–∞–ø–∏—Ç–∞–Ω –ê–º–µ—Ä–∏–∫–∞ –ø—Ä–æ—Ç–∏–≤ –ñ–µ–ª–µ–∑–Ω–æ–≥–æ —á–µ–ª–æ–≤–µ–∫–∞ - –Ω–∞ –ø–æ—Å—Ç–µ—Ä–∞—Ö —Ñ–∏–ª—å–º–∞ '–ü–µ—Ä–≤—ã–π –º—Å—Ç–∏—Ç–µ–ª—å: –ü—Ä–æ—Ç–∏–≤–æ—Å—Ç–æ—è–Ω–∏–µ'. –î–æ –∫–∏–Ω–æ—Ç–µ–∞—Ç—Ä–æ–≤ –∫–∞—Ä—Ç–∏–Ω–∞ –¥–æ–±–µ—Ä—ë—Ç—Å—è 6 –º–∞—è 2016 –≥–æ–¥–∞ - http://www.kinomania.ru/film/776413/",https://www.facebook.com/106629932735181/posts/1084862231578608,106629932735181
25.11.2015 18:41:19,"–ü–µ—Ä–≤—ã–π –º—Å—Ç–∏—Ç–µ–ª—å: –ü—Ä–æ—Ç–∏–≤–æ—Å—Ç–æ—è–Ω–∏–µ (2016)",http://ok.ru/group/52138409590875/topic/64546144373595,52138409590875
25.11.2015 18:38:42,"–†—É—Å—Å–∫–∏–π —Ç—Ä–µ–π–ª–µ—Ä —Ñ–∏–ª—å–º–∞ ¬´Captain America: Civil War¬ªÔªø –í —Ä–æ—Å—Å–∏–π—Å–∫–æ–º –ø—Ä–æ–∫–∞—Ç–µ –æ–Ω –±—É–¥–µ—Ç —Ñ–∏–≥—É—Ä–∏—Ä–æ–≤–∞—Ç—å ¬´–ü–µ—Ä–≤—ã–π –º—Å—Ç–∏—Ç–µ–ª—å: –ü—Ä–æ—Ç–∏–≤–æ—Å—Ç–æ—è–Ω–∏–µ¬ªÔªø.Ôªø(2016)",http://ok.ru/group/49880230854910/topic/64509271528958,49880230854910
26.11.2015 04:17:57,"+5",http://ok.ru/group/49880230854910/topic/64509271528958#commentMTQ0ODUxMTQ3NzI4MDotMzc4MzoxNDQ4NTExNDc3MjgwOjY0NTA5MjcxNTI4OTU4OjE=,547679768464
25.11.2015 18:57:16,"–ö–∞–∫–∞—è —Ä–∞–∑–≤—è–∑–∫–∞ –±–ª–∏–Ω....",http://ok.ru/group/49880230854910/topic/64509271528958#commentMTQ0ODQ3NzgzNjYwNDotNzk4OToxNDQ4NDc3ODM2NjA0OjY0NTA5MjcxNTI4OTU4OjE=,470601243605
25.11.2015 18:56:50,"–Ø —á–µ —Ç–æ –Ω–µ –ø–æ–Ω—è–ª, –∫–∞–ø–∏—Ç–∞–Ω –ê–º–µ—Ä–∏–∫–∞ –∏ –µ–≥–æ –¥—Ä—É–≥ –±–∞–∫–∏ —Å—Ç–∞–ª–∏ –ø—Ä–æ—Ç–∏–≤ –¢–æ–Ω–∏ —Å—Ç–∞—Ä–∫–∞:o :@ :@  –º–∞—Ä–≤–∏–ª —á–µ —É—Ö—É–µ–ª —á—Ç–æ –ª–∏!!!!!",http://ok.ru/group/49880230854910/topic/64509271528958#commentMTQ0ODQ3NzgxMDYzMDotNzM3NToxNDQ4NDc3ODEwNjMwOjY0NTA5MjcxNTI4OTU4OjE=,470601243605
25.11.2015 18:00:51,"‚òÖ –ß–¢–û –í–´ –ü–†–û–ü–£–°–¢–ò–õ–ò –ó–ê –î–ï–ù–¨ ‚òÖ  - –°–æ—Å—Ç–æ—è–ª–∞—Å—å –ø—Ä–µ–º—å–µ—Ä–∞ —Ç—Ä–µ–π–ª–µ—Ä–∞ —Ñ–∏–ª—å–º–∞ '–ü–µ—Ä–≤—ã–π –º—Å—Ç–∏—Ç–µ–ª—å: –ü—Ä–æ—Ç–∏–≤–æ—Å—Ç–æ—è–Ω–∏–µ'; - –ê–ª–µ—Å—Å–∞–Ω–¥—Ä–∞ –ê–º–±—Ä–æ—Å–∏–æ —Ä–∞–∑–¥–µ–ª–∞—Å—å –¥–ª—è MAXIM;  - 5sta family —Å–Ω—è–ª–∏ –∫–ª–∏–ø-–≤–µ—Å—Ç–µ—Ä–Ω.  –í—Å–µ –≥–ª–∞–≤–Ω—ã–µ –Ω–æ–≤–æ—Å—Ç–∏ –¥–Ω—è ‚Üì http://europaplustv.com/news/view/id/51101",http://ok.ru/group/51683316596972/topic/64667488245228,51683316596972
25.11.2015 18:00:48,"‚òÖ –ß–¢–û –í–´ –ü–†–û–ü–£–°–¢–ò–õ–ò –ó–ê –î–ï–ù–¨ ‚òÖ  - –°–æ—Å—Ç–æ—è–ª–∞—Å—å –ø—Ä–µ–º—å–µ—Ä–∞ —Ç—Ä–µ–π–ª–µ—Ä–∞ —Ñ–∏–ª—å–º–∞ '–ü–µ—Ä–≤—ã–π –º—Å—Ç–∏—Ç–µ–ª—å: –ü—Ä–æ—Ç–∏–≤–æ—Å—Ç–æ—è–Ω–∏–µ'; - –ê–ª–µ—Å—Å–∞–Ω–¥—Ä–∞ –ê–º–±—Ä–æ—Å–∏–æ —Ä–∞–∑–¥–µ–ª–∞—Å—å –¥–ª—è MAXIM;  - 5sta family —Å–Ω—è–ª–∏ –∫–ª–∏–ø-–≤–µ—Å—Ç–µ—Ä–Ω.  –í—Å–µ –≥–ª–∞–≤–Ω—ã–µ –Ω–æ–≤–æ—Å—Ç–∏ –¥–Ω—è ‚Üì http://europaplustv.com/news/view/id/51101",http://vk.com/wall123342149_26033,123342149
25.11.2015 17:43:26,"–≠—Ç–æ–≥–æ –¥–Ω—è –∂–¥–∞–ª–∏ –º–Ω–æ–≥–∏–µ!! –ò –Ω–∞–∫–æ–Ω–µ—Ü –æ–Ω –Ω–∞—Å—Ç—É–ø–∏–ª! –°–µ–≥–æ–¥–Ω—è –¥–µ–Ω—å, –∫–æ–≥–¥–∞ –≤ –∏–Ω—Ç–µ—Ä–Ω–µ—Ç –Ω–∞–∫–æ–Ω–µ—Ü –≤—ã—à–µ–ª —Ç—Ä–µ–π–ª–µ—Ä —Ñ–∏–ª—å–º–∞,, –ü–µ—Ä–≤—ã–π –º—Å—Ç–∏—Ç–µ–ª–∏: –ü—Ä–æ—Ç–∏–≤–æ—Å—Ç–æ—è–Ω–∏–µ'. –ü–µ—Ä–≤–æ–Ω–∞—á–∞–ª—å–Ω–æ —Ñ–∏–ª—å–º —Ö–æ—Ç–µ–ª–∏ –Ω–∞–∑–≤–∞—Ç—å,, –ü–µ—Ä–≤—ã–π –º—Å—Ç–∏—Ç–µ–ª—å: –ì—Ä–∞–∂–¥–∞–Ω—Å–∫–∞—è –≤–æ–π–Ω–∞' –∏–ª–∏,, –†–∞—Å–∫–æ–ª –º—Å—Ç–∏—Ç–µ–ª–µ–π', –¥–∞ –∏ —Å–∞–º–∞ –ø—Ä–µ–º—å–µ—Ä–∞ —Ç—Ä–µ–π–ª–µ—Ä–∞ –¥–æ–ª–∂–Ω–∞ –±—ã–ª–∞ —Å–æ—Å—Ç–æ—è—Ç—å—Å—è –≤ –æ–¥–∏–Ω –¥–µ–Ω—å —Å –ø—Ä–µ–º—å–µ—Ä–æ–π —Ñ–∏–ª—å–º–∞,, –ó–≤–µ–∑–¥–Ω—ã–µ –≤–æ–π–Ω—ã: –ü—Ä–æ–±—É–∂–¥–µ–Ω–∏–µ —Å–∏–ª—ã'! –ù–∞–ø–æ–º–∏–Ω–∞—é, —á—Ç–æ –ø—Ä–µ–º—å–µ—Ä–∞ —Ñ–∏–ª—å–º–∞,, –ü–µ—Ä–≤—ã–π –º—Å—Ç–∏—Ç–µ–ª—å: –ü—Ä–æ—Ç–∏–≤–æ—Å—Ç–æ—è–Ω–∏–µ —Å–æ—Å—Ç–æ–∏—Ç—Å—è 5 –º–∞—è 2016 –≥–æ–¥–∞! –ü–æ—Å–º–æ—Ç—Ä–µ—Ç—å —Ç—Ä–µ–π–ª–µ—Ä –≤—ã –º–æ–∂–µ—Ç–µ –≤ –º–æ–µ–π –≥—Ä—É–ø–ø–µ –≤ —Ä–∞–∑–¥–µ–ª–µ –≤–∏–¥–µ–æ!",http://ok.ru/group/52469644656835/topic/64541299499203,52469644656835
25.11.2015 17:42:03,"–ü–µ—Ä–≤—ã–π –º—Å—Ç–∏—Ç–µ–ª—å: –ü—Ä–æ—Ç–∏–≤–æ—Å—Ç–æ—è–Ω–∏–µ (2016). –¢—Ä–µ–π–ª–µ—Ä  –ñ–∞–Ω—Ä: —Ñ–∞–Ω—Ç–∞—Å—Ç–∏–∫–∞, –±–æ–µ–≤–∏–∫, —Ç—Ä–∏–ª–ª–µ—Ä –ü—Ä–µ–º—å–µ—Ä–∞ –≤ –†–§: 5 –º–∞—è 2016",http://ok.ru/group/54280755478531/topic/64227825295363,54280755478531
25.11.2015 20:05:26,"–°–Ω–æ–≤–∞ —Å –≥–∏–¥—Ä–æ–π?:)",http://ok.ru/group/54280755478531/topic/64227825295363#commentMTQ0ODQ4MTkyNjMyMDotODEzMzoxNDQ4NDgxOTI2MzIwOjY0MjI3ODI1Mjk1MzYzOjE=,581402687500
25.11.2015 17:07:56,"10/10 –£–ú–ï–† –†–ï–ë–Ø–¢–ö–ò, –ê –ü–û–¢–û–ú –í–û–°–ö–†–ï–° –ò –ü–ï–†–ï–°–ú–û–¢–†–ï–õ 50 –†–ê–ó  https://youtu.be/C0cLTP9j2QY https://youtu.be/C0cLTP9j2QY https://youtu.be/C0cLTP9j2QY  #CaptainAmericaCivilWar #–ü–µ—Ä–≤—ã–π–ú—Å—Ç–∏—Ç–µ–ª—å–ü—Ä–æ—Ç–∏–≤–æ—Å—Ç–æ—è–Ω–∏–µ #Marvel #MCU #PhaseThree #Reaction",http://vk.com/wall42847379_5183,42847379
25.11.2015 17:07:07,"–ü—Ä–µ–º—å–µ—Ä–∞! –ö–∞–ø–∏—Ç–∞–Ω –ê–º–µ—Ä–∏–∫–∞ –ø—Ä–æ—Ç–∏–≤ –ñ–µ–ª–µ–∑–Ω–æ–≥–æ —á–µ–ª–æ–≤–µ–∫–∞ –≤ –¥—É–±–ª–∏—Ä–æ–≤–∞–Ω–Ω–æ–º —Ç—Ä–µ–π–ª–µ—Ä–µ —Ñ–∏–ª—å–º–∞ ¬´–ü–µ—Ä–≤—ã–π –º—Å—Ç–∏—Ç–µ–ª—å: –ü—Ä–æ—Ç–∏–≤–æ—Å—Ç–æ—è–Ω–∏–µ¬ª",http://ok.ru/profile/564237729105/statuses/64607727673425,564237729105
25.11.2015 17:00:48,"–ü–µ—Ä–≤—ã–π –º—Å—Ç–∏—Ç–µ–ª—å: –ü—Ä–æ—Ç–∏–≤–æ—Å—Ç–æ—è–Ω–∏–µ [–ü—Ä–µ–º—å–µ—Ä–∞ —Ç—Ä–µ–π–ª–µ—Ä–∞]  –í –∫–∏–Ω–æ - —Å –º–∞—è 2016  –°—Ä–µ–¥–∏ –ú—Å—Ç–∏—Ç–µ–ª–µ–π - —Ä–∞—Å–∫–æ–ª. –ü—Ä–∞–≤–∏—Ç–µ–ª—å—Å—Ç–≤–æ –ø—Ä–µ–¥–ª–æ–∂–∏–ª–æ —Ä–µ–≥—É–ª–∏—Ä–æ–≤–∞—Ç—å –¥–µ—è—Ç–µ–ª—å–Ω–æ—Å—Ç—å —Å—É–ø–µ—Ä–≥–µ—Ä–æ–µ–≤, –∏ –∫–æ–Ω–µ—á–Ω–æ –∂–µ, –¢–æ–Ω–∏ –°—Ç–∞—Ä–∫ –∏ –ö–∞–ø–∏—Ç–∞–Ω –ê–º–µ—Ä–∏–∫–∞ –æ–∫–∞–∑—ã–≤–∞—é—Ç—Å—è –ø–æ —Ä–∞–∑–Ω—ã–µ —Å—Ç–æ—Ä–æ–Ω—ã –±–∞—Ä—Ä–∏–∫–∞–¥.   –ö—Ç–æ –∂–µ –∑–∞–π–º–µ—Ç —Å—Ç–æ—Ä–æ–Ω—É –º–∏–ª–ª–∏–æ–Ω–µ—Ä–∞-–º–∏–∑–∞–Ω—Ç—Ä–æ–ø–∞, –∞ –∫—Ç–æ –ø–µ—Ä–µ–π–¥–µ—Ç –Ω–∞ —Å—Ç–æ—Ä–æ–Ω—É –≤–µ—Ç–µ—Ä–∞–Ω–∞ –í—Ç–æ—Ä–æ–π –º–∏—Ä–æ–≤–æ–π? –í —ç—Ç–æ –≤—Ä–µ–º—è –∑–ª–æ–¥–µ–∏, –≤–æ—Å–ø–æ–ª—å–∑–æ–≤–∞–≤—à–∏—Å—å —Å–∏—Ç—É–∞—Ü–∏–µ–π, –ø–æ–¥–≥–æ—Ç–æ–≤–∏–ª–∏ —É–∂–µ –Ω–æ–≤—ã–π –∏ —á—Ä–µ–∑–≤—ã—á–∞–π–Ω–æ –∫–æ–≤–∞—Ä–Ω—ã–π –ø–ª–∞–Ω ...",http://ok.ru/group/50770141380768/topic/64736898608032,50770141380768
25.11.2015 16:56:40,"–¢—Ä–µ–π–ª–µ—Ä'–ü–µ—Ä–≤—ã–π –º—Å—Ç–∏—Ç–µ–ª—å. –ü—Ä–æ—Ç–∏–≤–æ—Å—Ç–æ—è–Ω–∏–µ.'2016. .‚Ä¶‚Ä¶‚Ä¶‚Ä¶‚Ä¶‚Ä¶‚Ä¶‚Ä¶‚Ä¶ https://youtu.be/NftSKKqZE0M",http://ok.ru/group/54563573268494/topic/64306942743822,54563573268494
25.11.2015 16:21:26,"–°–º–æ—Ç—Ä–∏—Ç–µ '–ü–µ—Ä–≤—ã–π –º—Å—Ç–∏—Ç–µ–ª—å: –ü—Ä–æ—Ç–∏–≤–æ—Å—Ç–æ—è–Ω–∏–µ (2016) | –¢—Ä–µ–π–ª–µ—Ä' –Ω–∞ YouTube –ù–∞–∫–æ–Ω–µ—Ü-—Ç–æ. –¥–æ–∂–¥–∞–ª–∏—Å—å.",http://vk.com/wall238969854_931,238969854
25.11.2015 15:51:57,"–ü–µ—Ä–≤—ã–π –º—Å—Ç–∏—Ç–µ–ª—å: –ü—Ä–æ—Ç–∏–≤–æ—Å—Ç–æ—è–Ω–∏–µ. –†—É—Å—Å–∫–∏–π —Ç—Ä–µ–π–ª–µ—Ä '2016'. HD  –≥–æ–¥  2016 —Å—Ç—Ä–∞–Ω–∞  –°–®–ê —Å–ª–æ–≥–∞–Ω ¬´Divided we fall¬ª —Ä–µ–∂–∏—Å—Å–µ—Ä –≠–Ω—Ç–æ–Ω–∏ –†—É—Å—Å–æ, –î–∂–æ –†—É—Å—Å–æ —Å—Ü–µ–Ω–∞—Ä–∏–π –ö—Ä–∏—Å—Ç–æ—Ñ–µ—Ä –ú–∞—Ä–∫—É—Å, –°—Ç–∏–≤–µ–Ω –ú–∞–∫–§–∏–ª–∏, –ú–∞—Ä–∫ –ú–∏–ª–ª–∞—Ä, ... –ø—Ä–æ–¥—é—Å–µ—Ä –ö–µ–≤–∏–Ω –§–∞–π–≥–∏, –í–∏–∫—Ç–æ—Ä–∏—è –ê–ª–æ–Ω—Å–æ, –ú–∏—Ç—á–µ–ª–ª –ë–µ–ª–ª, ... –æ–ø–µ—Ä–∞—Ç–æ—Ä –¢—Ä–µ–Ω—Ç –û–ø–∞–ª–æ–∫ –∫–æ–º–ø–æ–∑–∏—Ç–æ—Ä –ì–µ–Ω—Ä–∏ –î–∂–µ–∫–º–∞–Ω —Ö—É–¥–æ–∂–Ω–∏–∫ –û—É—ç–Ω –ü–∞—Ç–µ—Ä—Å–æ–Ω, –ì—Ä–µ–≥ –ë–µ—Ä—Ä–∏, –ì—Ä–µ–≥–æ—Ä–∏ –°. –•—É–ø–µ—Ä, ... –º–æ–Ω—Ç–∞–∂ –î–∂–µ—Ñ—Ñ—Ä–∏ –§–æ—Ä–¥ –∂–∞–Ω—Ä —Ñ–∞–Ω—Ç–∞—Å—Ç–∏–∫–∞, –±–æ–µ–≤–∏–∫, —Ç—Ä–∏–ª–ª–µ—Ä, ... —Å–ª–æ–≤–∞ –ø—Ä–µ–º—å–µ—Ä–∞ (–º–∏—Ä)  28 –∞–ø—Ä–µ–ª—è 2016, ... –ø—Ä–µ–º—å–µ—Ä–∞ (–†–§)  5 –º–∞—è 2016, ¬´WDSSPR¬ª 3D  –ø—Ä–µ–º—å–µ—Ä–∞ (–£–∫—Ä.)  5 –º–∞—è 2016, ¬´B&H Film Distribution Company¬ª 3D  —Ä–µ–ª–∏–∑ –Ω–∞ Blu-Ray  2 –∞–≤–≥—É—Å—Ç–∞ 2016, ¬´–£–æ–ª—Ç –î–∏—Å–Ω–µ–π –ö–æ–º–ø–∞–Ω–∏ –°–ù–ì¬ª, ... —Ä–µ–ª–∏–∑ –Ω–∞ DVD  2 –∞–≤–≥—É—Å—Ç–∞ 2016, ¬´–£–æ–ª—Ç –î–∏—Å–Ω–µ–π –ö–æ–º–ø–∞–Ω–∏ –°–ù–ì¬ª, ... –≤—Ä–µ–º—è -  –û–ø–∏—Å–∞–Ω–∏–µ: –ú—Å—Ç–∏—Ç–µ–ª–∏ –ø–æ–¥ —Ä—É–∫–æ–≤–æ–¥—Å—Ç–≤–æ–º –ö–∞–ø–∏—Ç–∞–Ω–∞ –ê–º–µ—Ä–∏–∫–∏ –æ–∫–∞–∑—ã–≤–∞—é—Ç—Å—è —É—á–∞—Å—Ç–Ω–∏–∫–∞–º–∏ —Ä–∞–∑—Ä—É—à–∏—Ç–µ–ª—å–Ω–æ–≥–æ –∏–Ω—Ü–∏–¥–µ–Ω—Ç–∞, –∏–º–µ—é—â–µ–≥–æ –º–µ–∂–¥—É–Ω–∞—Ä–æ–¥–Ω—ã–π –º–∞—Å—à—Ç–∞–±. –≠—Ç–∏ —Å–æ–±—ã—Ç–∏—è –∑–∞—Å—Ç–∞–≤–ª—è—é—Ç –ø—Ä–∞–≤–∏—Ç–µ–ª—å—Å—Ç–≤–æ –∑–∞–¥—É–º–∞—Ç—å—Å—è –Ω–∞–¥ —Ç–µ–º, —á—Ç–æ–±—ã –Ω–∞—á–∞—Ç—å —Ä–µ–≥—É–ª–∏—Ä–æ–≤–∞—Ç—å –¥–µ–π—Å—Ç–≤–∏—è –≤—Å–µ—Ö –ª—é–¥–µ–π —Å –æ—Å–æ–±—ã–º–∏ —Å–ø–æ—Å–æ–±–Ω–æ—Å—Ç—è–º–∏, –≤–≤–µ–¥—è ¬´–ê–∫—Ç –æ —Ä–µ–≥–∏—Å—Ç—Ä–∞—Ü–∏–∏ —Å—É–ø–µ—Ä–≥–µ—Ä–æ–µ–≤¬ª, –≤—ã–Ω—É–∂–¥–∞—è –∏—Ö —Ä–∞—Å–∫—Ä—ã—Ç—å —Å–≤–æ–∏ –ª–∏—á–Ω–æ—Å—Ç–∏ –∏ —Ä–∞–±–æ—Ç–∞—Ç—å –Ω–∞ –ø—Ä–∞–≤–∏—Ç",http://ok.ru/group/51674319421535/topic/64520453354847,51674319421535
25.11.2015 15:51:57,"–£ –Ω–∞—Å –ø–æ—è–≤–∏–ª—Å—è –ø–µ—Ä–≤—ã–π —Ç—Ä–µ–π–ª–µ—Ä —Ñ–∏–ª—å–º–∞ '–ü–µ—Ä–≤—ã–π –º—Å—Ç–∏—Ç–µ–ª—å: –ü—Ä–æ—Ç–∏–≤–æ—Å—Ç–æ—è–Ω–∏–µ', –≥–¥–µ –ö–∞–ø–∏—Ç–∞–Ω –ê–º–µ—Ä–∏–∫–∞ –≤—Å—Ç—É–ø–∞–µ—Ç –≤ –±–æ–π —Å –ñ–µ–ª–µ–∑–Ω—ã–º —á–µ–ª–æ–≤–µ–∫–æ–º! –°–º–æ—Ç—Ä–µ—Ç—å - http://www.kinomania.ru/film/776413/trailers/48399/",https://www.facebook.com/106629932735181/posts/1084715654926599,106629932735181
25.11.2015 15:45:11,"–í–ù–ò–ú–ê–ù–ò–ï! –ü—Ä–µ–º—å–µ—Ä–∞ –î–£–ë–õ–ò–†–û–í–ê–ù–ù–û–ì–û —Ç—Ä–µ–π–ª–µ—Ä–∞ —Ñ–∏–ª—å–º–∞ ¬´–ü–µ—Ä–≤—ã–π –º—Å—Ç–∏—Ç–µ–ª—å: –ü—Ä–æ—Ç–∏–≤–æ—Å—Ç–æ—è–Ω–∏–µ¬ª üìÜ –í—Å–µ—Ä–æ—Å—Å–∏–π—Å–∫–∞—è –ø—Ä–µ–º—å–µ—Ä–∞ –≤ –°–ò–ù–ï–ú–ê –ü–ê–†–ö–ï —Å–æ—Å—Ç–æ–∏—Ç—Å—è 5 –º–∞—è 2016 –≥–æ–¥–∞ –≤ IMAX 3D.",http://ok.ru/group/52010944561338/topic/64569838452922,52010944561338
25.11.2015 15:26:18,"–ü–µ—Ä–≤—ã–π –º—Å—Ç–∏—Ç–µ–ª—å 3: –ü—Ä–æ—Ç–∏–≤–æ—Å—Ç–æ—è–Ω–∏–µ - –ì—Ä–∞–∂–¥–∞–Ω—Å–∫–∞—è –≤–æ–π–Ω–∞ | –î—É–±–ª–∏—Ä–æ–≤–∞–Ω–Ω—ã–π —Ä—É—Å—Å–∫–∏–π —Ç—Ä–µ–π–ª–µ—Ä (2016) (HD) - YouTube",http://vk.com/wall207255316_1474,207255316
25.11.2015 14:55:22,"–°–º–æ—Ç—Ä–∏—Ç–µ '–ü–µ—Ä–≤—ã–π –º—Å—Ç–∏—Ç–µ–ª—å: –ü—Ä–æ—Ç–∏–≤–æ—Å—Ç–æ—è–Ω–∏–µ (2016) | –¢—Ä–µ–π–ª–µ—Ä' –Ω–∞ YouTube",http://vk.com/wall254535202_642,254535202
25.11.2015 14:45:10,"–ë–æ–ª—å—à–µ –Ω–µ ¬´–†–∞—Å–∫–æ–ª –º—Å—Ç–∏—Ç–µ–ª–µ–π¬ª. –ù–æ–≤–æ–µ –Ω–∞–∑–≤–∞–Ω–∏–µ —Ç—Ä–µ—Ç—å–µ–≥–æ —Ñ–∏–ª—å–º–∞ –æ –ö–∞–ø–∏—Ç–∞–Ω–µ –ê–º–µ—Ä–∏–∫–∞ –≤ —Ä–æ—Å—Å–∏–π—Å–∫–æ–º –ø—Ä–æ–∫–∞—Ç–µ: ¬´–ü–µ—Ä–≤—ã–π –º—Å—Ç–∏—Ç–µ–ª—å.–ü—Ä–æ—Ç–∏–≤–æ—Å—Ç–æ—è–Ω–∏–µ¬ª  üìÜ –í—Å–µ—Ä–æ—Å—Å–∏–π—Å–∫–∞—è –ø—Ä–µ–º—å–µ—Ä–∞ –≤ –°–ò–ù–ï–ú–ê –ü–ê–†–ö–ï —Å–æ—Å—Ç–æ–∏—Ç—Å—è 5 –º–∞—è 2016 –≥–æ–¥–∞ –≤ IMAX 3D.",http://ok.ru/group/52010944561338/topic/64569510052026,52010944561338
25.11.2015 14:36:40,"–°–º–æ—Ç—Ä–∏—Ç–µ '–ü–µ—Ä–≤—ã–π –º—Å—Ç–∏—Ç–µ–ª—å: –ü—Ä–æ—Ç–∏–≤–æ—Å—Ç–æ—è–Ω–∏–µ - –†—É—Å—Å–∫–∏–π –¢—Ä–µ–π–ª–µ—Ä (2016)' –Ω–∞ YouTube",http://vk.com/wall239566095_69,239566095
25.11.2015 14:19:42,"–ü–µ—Ä–≤—ã–π –º—Å—Ç–∏—Ç–µ–ª—å: –ü—Ä–æ—Ç–∏–≤–æ—Å—Ç–æ—è–Ω–∏–µ - –†—É—Å—Å–∫–∏–π –¢—Ä–µ–π–ª–µ—Ä (2016)",http://vk.com/wall243630979_639,243630979
25.11.2015 14:10:32,"–¢—Ä–µ–π–ª–µ—Ä '–ü–µ—Ä–≤—ã–π –º—Å—Ç–∏—Ç–µ–ª—å: –ü—Ä–æ—Ç–∏–≤–æ—Å—Ç–æ—è–Ω–∏–µ'. –í—Å–µ –Ω–µ —Ç–∞–∫, –∫–∞–∫ –≤ –∫–æ–º–∏–∫—Å–µ!  –ö–∞–ø–∏—Ç–∞–Ω –ê–º–µ—Ä–∏–∫–∞ –ø—Ä–æ—Ç–∏–≤ –ñ–µ–ª–µ–∑–Ω–æ–≥–æ —á–µ–ª–æ–≤–µ–∫–∞. –ì–¥–µ —ç—Ç–æ –≤–∏–¥–∞–Ω–æ, –≥–¥–µ —ç—Ç–æ —Å–ª—ã—Ö–∞–Ω–æ?! –ê –≤–∏–¥–∞–Ω–æ —ç—Ç–æ –±—ã–ª–æ –≤ –∫–æ–º–∏–∫—Å–µ '–ì—Ä–∞–∂–¥–∞–Ω—Å–∫–∞—è –≤–æ–π–Ω–∞', –Ω–∞ –æ—Å–Ω–æ–≤–µ –∫–æ—Ç–æ—Ä–æ–≥–æ —Å–Ω–∏–º–∞–µ—Ç—Å—è –∫–∏–Ω–æ. –û–¥–Ω–∞–∫–æ —Å—é–∂–µ—Ç –∫–æ–º–∏–∫—Å–∞ –∏–∑–º–µ–Ω–∏–ª–∏. –ù—É —Ç–æ –µ—Å—Ç—å –≥—Ä–∞–∂–¥–∞–Ω—Å–∫–∞—è –≤–æ–π–Ω–∞ –∏ —Ä–∞—Å–∫–æ–ª –æ—Å—Ç–∞–ª–∏—Å—å, –Ω–æ, –∫–∞–∫ –º—ã –≤–∏–¥–∏–º –∏–∑ —Ç—Ä–µ–π–ª–µ—Ä–∞, –≤ —Ñ–∏–ª—å–º–µ –≤–æ–π–Ω–∞ –Ω–∞—á–Ω–µ—Ç—Å—è –∏–∑-–∑–∞ –ë–∞–∫–∏ –ë–∞—Ä–Ω—Å–∞. –ö–∞–ø–∏—Ç–∞–Ω –ê–º–µ—Ä–∏–∫–∞ —Ö–æ—á–µ—Ç —Å–ø–∞—Å—Ç–∏ –µ–≥–æ –æ—Ç –º–µ—Å—Ç–∏ –≥–æ—Å—É–¥–∞—Ä—Å—Ç–≤–∞ –∏ –ñ–µ–ª–µ–∑–Ω–æ–≥–æ —á–µ–ª–æ–≤–µ–∫–∞. –í –∫–æ–º–∏–∫—Å–µ –∂–µ —Ä–∞—Å–∫–æ–ª —Å–ª—É—á–∏–ª—Å—è –∏–∑-–∑–∞ —Ç–æ–≥–æ, —á—Ç–æ —É —Å—É–ø–µ—Ä–≥–µ—Ä–æ–µ–≤ –±—ã–ª–∏ —Ä–∞–∑–Ω—ã–µ –≤–∑–≥–ª—è–¥—ã –Ω–∞ –∑–∞–∫–æ–Ω –æ —Ä–µ–≥–∏—Å—Ç—Ä–∞—Ü–∏–∏ —Å—É–ø–µ—Ä–≥–µ—Ä–æ–µ–≤, –∏–∑–¥–∞–Ω–Ω—ã–π –ø—Ä–∞–≤–∏—Ç–µ–ª—å—Å—Ç–≤–æ–º –°–®–ê –∏ –ø–æ–¥—Ä–∞–∑—É–º–µ–≤–∞–≤—à–∏–π —Ä–∞—Å–∫—Ä—ã—Ç–∏–µ –∏—Ö –ª–∏—á–Ω–æ—Å—Ç–µ–π. –í —ç—Ç–æ–º —Ç—Ä–µ–π–ª–µ—Ä–µ –Ω–∞–º –ø–æ–∫–∞–∑–∞–Ω –≤–∑–≥–ª—è–¥ –Ω–∞ –ø—Ä–æ–∏—Å—Ö–æ–¥—è—â–µ–µ —Å–æ —Å—Ç–æ—Ä–æ–Ω—ã –ö–∞–ø–∏—Ç–∞–Ω–∞ –ê–º–µ—Ä–∏–∫–∏ –∏ –µ–≥–æ –¥—Ä—É–∑–µ–π. –ò, —Å–∫–æ—Ä–µ–µ –≤—Å–µ–≥–æ, –º—ã –º–æ–∂–µ–º —Ä–∞—Å—Å—á–∏—Ç—ã–≤–∞—Ç—å –Ω–∞ –≤—Ç–æ—Ä–æ–π —Ç—Ä–µ–π–ª–µ—Ä, –≥–¥–µ –Ω–∞–º –ø–æ–∫–∞–∂—É—Ç —Å–∏—Ç—É–∞—Ü–∏—é –≥–ª–∞–∑–∞–º–∏ –¢–æ–Ω–∏ –°—Ç–∞—Ä–∫–∞. –ö–∏–Ω–æ–ø—Ä–µ–º—å–µ—Ä–∞ –Ω–∞–∑–Ω–∞—á–µ–Ω–∞ –Ω–∞ 2 –º–∞—è 2016 –≥–æ–¥–∞.",http://ok.ru/group/56808626782261/topic/64622373328181,56808626782261
25.11.2015 13:03:32,"–í—ã–ø—É—â–µ–Ω –ø–µ—Ä–≤—ã–π —Ç–∏–∑–µ—Ä-—Ç—Ä–µ–π–ª–µ—Ä –∫ —Ñ–∏–ª—å–º—É '–ü–µ—Ä–≤—ã–π –º—Å—Ç–∏—Ç–µ–ª—å: –ü—Ä–æ—Ç–∏–≤–æ—Å—Ç–æ—è–Ω–∏–µ' (2016 –≥–æ–¥) http://2016-god.com/pervyj-mstitel-grazhdanskaya-vojna-2016-god/",http://ok.ru/group/52394580312286/topic/64678356836574,52394580312286
25.11.2015 13:02:05,"–ë–ª–∏–Ω, —Ä–µ–±—è—Ç, –≤—ã –ø—Ä–µ–∂–¥–µ —á–µ–º —Ä—É–≥–∞—Ç—å WDSSPR –ø—Ä–æ—Å—Ç–æ –ø—Ä–µ–¥—Å—Ç–∞–≤—å—Ç–µ —Å–µ–π—á–∞—Å –Ω–∞ —É–ª–∏—Ü–∞—Ö –†–æ—Å—Å–∏–∏ –ø–æ—Å—Ç–µ—Ä.  –ö–ê–ü–ò–¢–ê–ù –ê–ú–ï–†–ò–ö–ê: –ì–†–ê–ñ–î–ê–ù–°–ö–ê–Ø –í–û–ô–ù–ê.  –¢—É—Ç —Å—Ç–æ–ª—å–∫–æ –Ω–µ–Ω—É–∂–Ω—ã—Ö –∞—Å—Å–æ—Ü–∏–∞—Ü–∏–π (–≤ —Ç–æ–º —á–∏—Å–ª–µ —Å –£–∫—Ä–∞–∏–Ω–æ–π), –æ—Ç–≤–ª–µ–∫–∞—é—â–∏—Ö –æ—Ç —Å—É—Ç–∏ —á–∏—Å—Ç–æ —Ä–∞–∑–≤–ª–µ–∫–∞—Ç–µ–ª—å–Ω–æ–≥–æ —Ñ–∏–ª—å–º–∞, —á—Ç–æ –ø–µ—Ä–µ–≤–æ–¥–∏—Ç—å ¬´–∫–∞–∫ –µ—Å—Ç—å¬ª –±—ã–ª–æ –±—ã –∫–æ–º–º–µ—Ä—á–µ—Å–∫–∏–º —Å–∞–º–æ—É–±–∏–π—Å—Ç–≤–æ–º.  –Ø –Ω–∞ 100% —É–≤–µ—Ä–µ–Ω, —á—Ç–æ –≤—ã–ø—É—Å–∫ —Ñ–∏–ª—å–º–æ–≤ —ç—Ç–æ–π –∞—Ä–∫–∏ –≤ –†–æ—Å—Å–∏–∏ –ø–æ–¥ –±—Ä–µ–Ω–¥–æ–º ¬´–ü–µ—Ä–≤—ã–π –º—Å—Ç–∏—Ç–µ–ª—å¬ª –∏–¥—ë—Ç –µ–º—É –Ω–∞ –ø–æ–ª—å–∑—É.",http://vk.com/wall18690_246893,18690
25.11.2015 12:35:16,"[–ú–Ω–µ–Ω–∏–µ + –¢–µ–æ—Ä–∏—è] –ü–µ—Ä–≤—ã–π –ú—Å—Ç–∏—Ç–µ–ª—å: –ì—Ä—É–¥–Ω–∏—á–∫–æ–≤—ã–π —Ä–∞—Å–∫–æ–ª",http://vk.com/wall207837109_1749,207837109
25.11.2015 12:30:42,"–†—É—Å—Å–∫–∏–π —Ç—Ä–µ–π–ª–µ—Ä –∫ —Ñ–∏–ª—å–º—É '–ö–∞–ø–∏—Ç–∞–Ω –ê–º–µ—Ä–∏–∫–∞ : –ì—Ä–∞–∂–¥–∞–Ω—Å–∫–∞—è –≤–æ–π–Ω–∞'  –∏–ª–∏  '–ü–µ—Ä–≤—ã–π –ú—Å—Ç–∏—Ç–µ–ª—å : –ü—Ä–æ—Ç–∏–≤–æ—Å—Ç–æ—è–Ω–∏–µ'.",http://vk.com/wall159750880_217,159750880
25.11.2015 12:26:34,"–°–º–æ—Ç—Ä–∏—Ç–µ '–ü–µ—Ä–≤—ã–π –º—Å—Ç–∏—Ç–µ–ª—å: –ü—Ä–æ—Ç–∏–≤–æ—Å—Ç–æ—è–Ω–∏–µ (2016) | –¢—Ä–µ–π–ª–µ—Ä' –Ω–∞ YouTube",http://vk.com/wall193595201_268,193595201
25.11.2015 12:17:26,"–î–µ–±—é—Ç–Ω—ã–π —Ç—Ä–µ–π–ª–µ—Ä —Ñ–∏–ª—å–º–∞ –ü–µ—Ä–≤—ã–π –ú—Å—Ç–∏—Ç–µ–ª—å: –ì—Ä–∞–∂–¥–∞–Ω—Å–∫–∞—è –≤–æ–π–Ω–∞  –ù–µ –¥–æ–∂–∏–¥–∞—è—Å—å –ø—Ä–µ–º—å–µ—Ä—ã –ó–≤—ë–∑–¥–Ω—ã—Ö –≤–æ–π–Ω, Marvel –ø—Ä–µ–¥—Å—Ç–∞–≤–∏–ª–∞ –ø–µ—Ä–≤—ã–π –ø–æ–ª–Ω–æ—Ü–µ–Ω–Ω—ã–π —Ç—Ä–µ–π–ª–µ—Ä —Ñ–∏–ª—å–º–∞ ¬´–ü–µ—Ä–≤—ã–π –ú—Å—Ç–∏—Ç–µ–ª—å: –ü—Ä–æ—Ç–∏–≤–æ—Å—Ç–æ—è–Ω–∏–µ¬ª (–≤ –æ—Ä–∏–≥–∏–Ω–∞–ª–µ Captain America: Civil War).",http://ok.ru/group/57242717585465/topic/64583753547833,57242717585465
25.11.2015 11:35:46,"–ü–µ—Ä–≤—ã–π –º—Å—Ç–∏—Ç–µ–ª—å: –ü—Ä–æ—Ç–∏–≤–æ—Å—Ç–æ—è–Ω–∏–µ - –ü–µ—Ä–≤—ã–π —Ç—Ä–µ–π–ª–µ—Ä. –°–º–æ—Ç—Ä–µ—Ç—å –Ω–∞ Cinema Hall online  –ú—Å—Ç–∏—Ç–µ–ª–∏ –ø–æ–¥ —Ä—É–∫–æ–≤–æ–¥—Å—Ç–≤–æ–º –ö–∞–ø–∏—Ç–∞–Ω–∞ –ê–º–µ—Ä–∏–∫–∏ –æ–∫–∞–∑—ã–≤–∞—é—Ç—Å—è —É—á–∞—Å—Ç–Ω–∏–∫–∞–º–∏ —Ä–∞–∑—Ä—É—à–∏—Ç–µ–ª—å–Ω–æ–≥–æ –∏–Ω—Ü–∏–¥–µ–Ω—Ç–∞, –∏–º–µ—é—â–µ–≥–æ –º–µ–∂–¥—É–Ω–∞—Ä–æ–¥–Ω—ã–π –º–∞—Å—à—Ç–∞–±. –≠—Ç–∏ —Å–æ–±—ã—Ç–∏—è –∑–∞—Å—Ç–∞–≤–ª—è—é—Ç –ø—Ä–∞–≤–∏—Ç–µ–ª—å—Å—Ç–≤–æ –∑–∞–¥—É–º–∞—Ç—å—Å—è –Ω–∞–¥ —Ç–µ–º, —á—Ç–æ–±—ã –Ω–∞—á–∞—Ç—å —Ä–µ–≥—É–ª–∏—Ä–æ–≤–∞—Ç—å –¥–µ–π—Å—Ç–≤–∏—è –≤—Å–µ—Ö –ª—é–¥–µ–π —Å –æ—Å–æ–±—ã–º–∏ —Å–ø–æ—Å–æ–±–Ω–æ—Å—Ç—è–º–∏, –≤–≤–µ–¥—è ¬´–ê–∫—Ç –æ —Ä–µ–≥–∏—Å—Ç—Ä–∞—Ü–∏–∏ —Å—É–ø–µ—Ä–≥–µ—Ä–æ–µ–≤¬ª, –≤—ã–Ω—É–∂–¥–∞—è –∏—Ö —Ä–∞—Å–∫—Ä—ã—Ç—å —Å–≤–æ–∏ –ª–∏—á–Ω–æ—Å—Ç–∏ –∏ —Ä–∞–±–æ—Ç–∞—Ç—å –Ω–∞ –ø—Ä–∞–≤–∏—Ç–µ–ª—å—Å—Ç–≤–µ–Ω–Ω—ã–µ —Å–ª—É–∂–±—ã.  –í–∏–¥—è –≤ —ç—Ç–æ–º –∑–∞–∫–æ–Ω–µ –Ω–∞—Ä—É—à–µ–Ω–∏–µ –≥—Ä–∞–∂–¥–∞–Ω—Å–∫–∏—Ö –ø—Ä–∞–≤ –∏ –ø–ª–µ–≤–æ–∫ –≤–æ –≤—Å—ë, —á—Ç–æ –æ–Ω –≤–µ—Ä–∏—Ç, –°—Ç–∏–≤ –†–æ–¥–∂–µ—Ä—Å –æ—Ç–∫—Ä—ã—Ç–æ –≤–æ—Å—Å—Ç–∞—ë—Ç –ø—Ä–æ—Ç–∏–≤ –Ω–æ–≤–æ–≥–æ —Ä–µ–∂–∏–º–∞, –≤–µ–¥—è –∑–∞ —Å–æ–±–æ–π –≥—Ä—É–ø–ø—É –≥–µ—Ä–æ–µ–≤, –ø–æ–¥–¥–µ—Ä–∂–∏–≤–∞—é—â–∏—Ö –µ–≥–æ –º–Ω–µ–Ω–∏–µ. –í —Å–≤–æ—é –∂–µ –æ—á–µ—Ä–µ–¥—å, –¢–æ–Ω–∏ –°—Ç–∞—Ä–∫ –≤–∏–¥–∏—Ç –ø—Ä–∞–≤–∏–ª—å–Ω–æ—Å—Ç—å –≤ –Ω–æ–≤–æ–º –∑–∞–∫–æ–Ω–µ, –∏ —Å—Ç–∞–Ω–æ–≤–∏—Ç—Å—è –≤–æ –≥–ª–∞–≤–µ –≥–µ—Ä–æ–µ–≤, –ø–æ–¥–¥–µ—Ä–∂–∏–≤–∞—é—â–∏—Ö –µ–≥–æ. –í—Å—ë —ç—Ç–æ –ø—Ä–∏–≤–æ–¥–∏—Ç –∫ –Ω–µ–∏–∑–±–µ–∂–Ω–æ–º—É —Ä–∞—Å–∫–æ–ª—É –ú—Å—Ç–∏—Ç–µ–ª–µ–π, –∏ –≥—Ä–∞–∂–¥–∞–Ω—Å–∫–æ–π –≤–æ–π–Ω–µ –º–µ–∂–¥—É –¥–≤—É–º—è —Å—Ç–æ—Ä–æ–Ω–∞–º–∏. –°—Ä–∞–∂–∞—è—Å—å –¥—Ä—É–≥ —Å –¥—Ä—É–≥–æ–º, –°—Ç–∞—Ä–∫ –∏ –†–æ–¥–∂–µ—Ä—Å –Ω–µ –∑–Ω–∞—é—Ç –æ —Ç–æ–º, —á—Ç–æ —Ç–∞–∏–Ω—Å—Ç–≤–µ–Ω–Ω—ã–π –ë–∞—Ä–æ–Ω –ó–µ–º–æ —É–∂–µ —Å—Ç—Ä–æ–∏—Ç —Å–≤–æ–∏ —Å–æ–±—Å—Ç–≤–µ–Ω–Ω—ã–µ –ø–ª–∞–Ω—ã, –≤–æ—Å–ø–æ–ª—å–∑–æ–≤–∞–≤—à–∏—Å—å —Ä–∞—Å–∫–æ–ª–æ–º –≤–µ–ª–∏—á–∞–π—à–∏—Ö –≥–µ—Ä–æ–µ–≤ –ó–µ–º–ª–∏",http://ok.ru/group/52924170240068/topic/64658047178052,52924170240068
25.11.2015 11:30:01,"–°–µ–≥–æ–¥–Ω—è—à–Ω–∏–π –¥–µ–Ω—å –ø—Ä–∏–Ω–µ—Å –ø–æ–¥–∞—Ä–æ–∫ –ª—é–±–∏—Ç–µ–ª—è–º –ú—Å—Ç–∏—Ç–µ–ª–µ–π  –í –ø–µ—Ä–≤–æ–º —Ç—Ä–µ–π–ª–µ—Ä–µ –º–Ω–æ–≥–æ-–º–Ω–æ–≥–æ –ö–∞–ø–∏—Ç–∞–Ω–∞ –ê–º–µ—Ä–∏–∫–∏ –∏, —É–≤—ã, –Ω–µ–º–Ω–æ–≥–æ –¢–æ–Ω–∏ –°—Ç–∞—Ä–∫–∞, –∫–æ—Ç–æ—Ä—ã–π –ø—Ä–æ–∏–∑–Ω–æ—Å–∏—Ç –Ω–µ–∑–∞–±—ã–≤–∞–µ–º—É—é —Ñ—Ä–∞–∑—É, –æ–±—Ä–∞—â–∞—è—Å—å –∫ –ö—ç–ø—É: ¬´–ò–Ω–æ–≥–¥–∞ —Ç–∞–∫ —Ö–æ—á–µ—Ç—Å—è –¥–∞—Ç—å —Ç–µ–±–µ –ø–æ –∑—É–±–∞–º!¬ª –û–±—Ä–∞—Ç–∏—Ç–µ –≤–Ω–∏–º–∞–Ω–∏–µ, —á—Ç–æ —Ä–æ—Å—Å–∏–π—Å–∫–æ–µ –Ω–∞–∑–≤–∞–Ω–∏–µ —Å–º–µ–Ω–∏–ª–æ—Å—å —Å ¬´–†–∞—Å–∫–æ–ª–∞ –º—Å—Ç–∏—Ç–µ–ª–µ–π¬ª –Ω–∞ ¬´–ü–µ—Ä–≤—ã–π –º—Å—Ç–∏—Ç–µ–ª—å: –ü—Ä–æ—Ç–∏–≤–æ—Å—Ç–æ—è–Ω–∏–µ¬ª.",https://www.facebook.com/132659286841520/posts/890118431095598,132659286841520
25.11.2015 11:00:59,"–ü–æ—Å—Ç–µ—Ä—ã: ¬´–ü–µ—Ä–≤—ã–π –º—Å—Ç–∏—Ç–µ–ª—å: –ü—Ä–æ—Ç–∏–≤–æ—Å—Ç–æ—è–Ω–∏–µ¬ª",http://ok.ru/group/51444075266085/topic/64600267795237,51444075266085
25.11.2015 10:49:50,"–í—ã—à–µ–ª –ø–µ—Ä–≤—ã–π —Ç—Ä–µ–π–ª–µ—Ä –Ω–æ–≤–æ–π —á–∞—Å—Ç–∏ ¬´–ö–∞–ø–∏—Ç–∞–Ω–∞ –ê–º–µ—Ä–∏–∫–∏¬ª, –∫–æ—Ç–æ—Ä–∞—è –º–æ–∂–µ—Ç –ø—Ä–µ—Ç–µ–Ω–¥–æ–≤–∞—Ç—å –ø–æ —Ä–∞–∑–º–∞—Ö—É –∏ –º–∞—Å—à—Ç–∞–±—É –Ω–∞ —Å–ª–µ–¥—É—é—â—É—é —á–∞—Å—Ç—å ¬´–ú—Å—Ç–∏—Ç–µ–ª–µ–π¬ª. –ö—Ä–æ–º–µ —Ç–æ–≥–æ –∫–∞–Ω–∞–ª HBO –∞–Ω–æ–Ω—Å–∏—Ä–æ–≤–∞–ª —à–µ—Å—Ç–æ–π —Å–µ–∑–æ–Ω ¬´–ò–≥—Ä—ã –ø—Ä–µ—Å—Ç–æ–ª–æ–≤¬ª –ø–æ—Å—Ç–µ—Ä–æ–º —Å –î–∂–æ–Ω–æ–º –°–Ω–æ—É, —á—Ç–æ –Ω–∞–≤–æ–¥–∏—Ç –Ω–∞ —Ä–∞–∑–º—ã—à–ª–µ–Ω–∏–µ –∏ –ø–æ–¥–æ–≥—Ä–µ–≤–∞–µ—Ç –≥–ª–∞–≤–Ω—É—é –∏–Ω—Ç—Ä–∏–≥—É, –æ—Å—Ç–∞–≤–ª–µ–Ω–Ω—É—é —Ñ–∏–Ω–∞–ª–æ–º –ø—Ä–µ–¥—ã–¥—É—â–µ–≥–æ —Å–µ–∑–æ–Ω–∞. –ü–æ–¥—Ä–æ–±–Ω–æ—Å—Ç–∏ –∏ –≤–∏–¥–µ–æ ‚Äî –≤ –º–∞—Ç–µ—Ä–∏–∞–ª–µ. –ó–∞–≤—è–∑–∫–∞ —Å—é–∂–µ—Ç–∞ —Ç—Ä–µ—Ç—å–µ–≥–æ —Ñ–∏–ª—å–º–∞ –æ –ö–∞–ø–∏—Ç–∞–Ω–µ –ê–º–µ—Ä–∏–∫–µ –∞–º–±–∏—Ü–∏–æ–∑–Ω–∞ –Ω–∞—Å—Ç–æ–ª—å–∫–æ, —á—Ç–æ —É–ø–æ–º–∏–Ω–∞–Ω–∏–π –æ –ø—Ä–∏–Ω–∞–¥–ª–µ–∂–Ω–æ—Å—Ç–∏ –Ω–µ –∫ –æ—Å–Ω–æ–≤–Ω–æ–π —Ç—Ä–∏–ª–æ–≥–∏–∏ ¬´–ú—Å—Ç–∏—Ç–µ–ª–∏¬ª, –∞ –∫ –≤–µ—Ç–∫–µ ¬´–ü–µ—Ä–≤—ã–π –º—Å—Ç–∏—Ç–µ–ª—å¬ª –≤ —Å—Ç—É–¥–∏–∏ Marvel —Å—Ç–∞—Ä–∞—é—Ç—Å—è –∏–∑–±–µ–≥–∞—Ç—å.  –í ¬´–†–∞—Å–∫–æ–ª–µ –º—Å—Ç–∏—Ç–µ–ª–µ–π¬ª –ø—Ä–∞–≤–∏—Ç–µ–ª—å—Å—Ç–≤–æ –°–æ–µ–¥–∏–Ω–µ–Ω–Ω—ã—Ö –®—Ç–∞—Ç–æ–≤ –ø—Ä–∏–Ω–∏–º–∞–µ—Ç –ê–∫—Ç –æ–± –æ–±—è–∑–∞—Ç–µ–ª—å–Ω–æ–π —Ä–µ–≥–∏—Å—Ç—Ä–∞—Ü–∏–∏ —Å—É–ø–µ—Ä–≥–µ—Ä–æ–µ–≤, —á—Ç–æ —Ä–∞–∑–¥–µ–ª–∏—Ç —Ä—è–¥ –ú—Å—Ç–∏—Ç–µ–ª–µ–π –Ω–∞ –¥–≤–µ —á–∞—Å—Ç–∏. –ü—Ä–æ—Ç–∏–≤ —ç—Ç–æ–≥–æ –∞–∫—Ç–∞ –≤—Å—Ç–∞–Ω—É—Ç –ö–∞–ø–∏—Ç–∞–Ω –ê–º–µ—Ä–∏–∫–∞ (–∫ –Ω–µ–º—É –ø—Ä–∏—Å–æ–µ–¥–∏–Ω—è—Ç—Å—è –ó–∏–º–Ω–∏–π —Å–æ–ª–¥–∞—Ç –∏ –°–æ–∫–æ–ª), –≤ –µ–≥–æ –ø–æ–¥–¥–µ—Ä–∂–∫—É –≤—ã—Å—Ç—É–ø–∏—Ç –ñ–µ–ª–µ–∑–Ω—ã–π —á–µ–ª–æ–≤–µ–∫. http://kloop.kg/blog/2015/11/25/budet-zharko-trejler-raskola-mstitelej-i-novyj-sezon-igry-prestolov-s-dzhonom-snou/",http://ok.ru/group/52198557810907/topic/64551788798171,52198557810907
25.11.2015 10:33:51,"–ö—Ä–∏—Å –≠–≤–∞–Ω—Å/–ö–∞–ø–∏—Ç–∞–Ω –ê–º–µ—Ä–∏–∫–∞ (–ï–≥–æ—Ä –ë–µ–ª–æ–≤) –∏ –ó–∏–º–Ω–∏–π –°–æ–ª–¥–∞—Ç –ø—Ä–æ—Ç–∏–≤ –†–æ–±–µ—Ä—Ç –î–∞—É–Ω–∏-–º–ª./–ñ–µ–ª–µ–∑–Ω—ã–π –ß–µ–ª–æ–≤–µ–∫ (–î–∏–º–∞ –ë—É—Ä–ª–∞–∫–∞)! üò† –ü–æ—Ç–æ–º—É —á—Ç–æ, —Ç–∞–∫ –Ω–∞—á–∏–Ω–∞–µ—Ç—Å—è –ì—Ä–∞–∂–¥–∞–Ω—Å–∫–∞—è –í–æ–π–Ω–∞! üò° –°–º–æ—Ç—Ä–∏—Ç–µ –Ω–æ–≤—ã–π –∫—Ä—É—Ç–æ–π —Ç—Ä–µ–π–ª–µ—Ä: '–ü–µ—Ä–≤—ã–π –ú—Å—Ç–∏—Ç–µ–ª—å: –ü—Ä–æ—Ç–∏–≤–æ—Å—Ç–æ—è–Ω–∏–µ' (Captain America: Civil War) üò® –ö—Ä—É—Ç–æ? –ñ–∞–ª—å? üòî",http://vk.com/wall312547748_130,312547748
25.11.2015 10:33:35,"Marvel Studios –ø—Ä–µ–¥—Å—Ç–∞–≤–∏–ª–∞ –ø–µ—Ä–≤—ã–π —Ç—Ä–µ–π–ª–µ—Ä –∫ —Ñ–∏–ª—å–º—É ¬´–ö–∞–ø–∏—Ç–∞–Ω –ê–º–µ—Ä–∏–∫–∞: –ì—Ä–∞–∂–¥–∞–Ω—Å–∫–∞—è –≤–æ–π–Ω–∞¬ª. –í —Ä–æ—Å—Å–∏–π—Å–∫–æ–º –ø—Ä–æ–∫–∞—Ç–µ –æ–Ω –±—É–¥–µ—Ç –Ω–∞–∑—ã–≤–∞—Ç—å—Å—è ¬´–ü–µ—Ä–≤—ã–π –º—Å—Ç–∏—Ç–µ–ª—å: –ü—Ä–æ—Ç–∏–≤–æ—Å—Ç–æ—è–Ω–∏–µ¬ª –∏ —Ä–µ–ª–∏–∑ –Ω–∞–∑–Ω–∞—á–µ–Ω –Ω–∞ –º–∞–π 2016 . http://europaplus.kg/vyshel-trejler-filma-kapitan-amerika-grazhdanskaya-vojna/",http://ok.ru/group/56734469652521/topic/64622933660969,56734469652521
25.11.2015 10:27:59,"–í —Å–µ—Ç–∏ –ø–æ—è–≤–∏–ª—Å—è –ø–µ—Ä–≤—ã–π —Ç—Ä–µ–π–ª–µ—Ä –Ω–æ–≤–æ–≥–æ —Ñ–∏–ª—å–º–∞ MARVEL ¬´–ü–µ—Ä–≤—ã–π –º—Å—Ç–∏—Ç–µ–ª—å: –ü—Ä–æ—Ç–∏–≤–æ—Å—Ç–æ—è–Ω–∏–µ¬ª. –í –æ—Å–Ω–æ–≤—É —Å—é–∂–µ—Ç–∞ –ø–æ–ª–æ–∂–µ–Ω–æ –ø—Ä–æ—Ç–∏–≤–æ—Å—Ç–æ—è–Ω–∏–µ –ö–∞–ø–∏—Ç–∞–Ω–∞ –ê–º–µ—Ä–∏–∫–∏ –∏ –ñ–µ–ª–µ–∑–Ω–æ–≥–æ —á–µ–ª–æ–≤–µ–∫–∞.  –ü—Ä–µ–º—å–µ—Ä–∞ –Ω–∞–º–µ—á–µ–Ω–∞ –Ω–∞ –º–∞–π 2016 –≥–æ–¥–∞.",http://ok.ru/group/51798882713708/topic/64569914327148,51798882713708
25.11.2015 10:22:52,"–†–æ–±–µ—Ä—Ç –î–∞—É–Ω–∏-–º–ª–∞–¥—à–∏–π –∏ –ö—Ä–∏—Å –≠–≤–∞–Ω—Å –∑–∞ –∫—É–ª–∏—Å–∞–º–∏ —à–æ—É '–î–∂–∏–º–º–∏ –ö–∏–º–º–µ–ª –≤ –ø—Ä—è–º–æ–º —ç—Ñ–∏—Ä–µ' –ø–µ—Ä–µ–¥–∞—é—Ç –≤—Å–µ–º –≥–æ—Ä—è—á–∏–π –ø—Ä–∏–≤–µ—Ç! –ö—Å—Ç–∞—Ç–∏, —Ç–µ–ø–µ—Ä—å –æ—Ñ–∏—Ü–∏–∞–ª—å–Ω–æ–µ –Ω–∞–∑–≤–∞–Ω–∏–µ —Ç—Ä–µ—Ç—å–µ–≥–æ —Ñ–∏–ª—å–º–∞ –æ –ö–∞–ø–∏—Ç–∞–Ω–µ –ê–º–µ—Ä–∏–∫–µ –≤ —Ä–æ—Å—Å–∏–π—Å–∫–æ–º –ø—Ä–æ–∫–∞—Ç–µ '–ü–µ—Ä–≤—ã–π –º—Å—Ç–∏—Ç–µ–ª—å: –ü—Ä–æ—Ç–∏–≤–æ—Å—Ç–æ—è–Ω–∏–µ' ;)",http://ok.ru/group/51177011675332/topic/64562214300612,51177011675332
25.11.2015 10:06:07,"–î–æ–∂–¥–∞–ª–∏—Å—å –ü–µ—Ä–≤—ã–π –ú—Å—Ç–∏—Ç–µ–ª—å : –ü—Ä–æ—Ç–∏–≤–æ—Å—Ç–æ—è–Ω–∏–µ ( Captain America : Civil War), —è –≤ –≤–æ—Å—Ç–æ—Ä–≥–µ –æ—Ç —ç—Ç–æ–≥–æ",http://vk.com/wall283996483_1403,283996483
25.11.2015 10:01:52,"–ú—ã —É–∂–µ –Ω–µ –Ω–∞–¥–µ—è–ª–∏—Å—å, –Ω–æ —ç—Ç–æ –ø—Ä–∞–≤–¥–∞: —Å–æ—Å—Ç–æ—è–ª–∞—Å—å –ø—Ä–µ–º—å–µ—Ä–∞ –¥–µ–±—é—Ç–Ω–æ–≥–æ —Ç—Ä–µ–π–ª–µ—Ä–∞ –∫ '–ü–µ—Ä–≤–æ–º—É –º—Å—Ç–∏—Ç–µ–ª—é 3', –≤ –∫–æ—Ç–æ—Ä–æ–º –¢–æ–Ω–∏ –°—Ç–∞—Ä–∫ –≤—ã—Å—Ç—É–ø–∏—Ç –ø—Ä–æ—Ç–∏–≤ –ö–∞–ø–∏—Ç–∞–Ω–∞ –ê–º–µ—Ä–∏–∫–∏! #—Ç—Ä–µ–π–ª–µ—Ä—ã #EuropaPlusTV  http://europaplustv.com/news/view/id/51011",http://ok.ru/group/51683316596972/topic/64665153394156,51683316596972
25.11.2015 10:01:50,"–ú—ã —É–∂–µ –Ω–µ –Ω–∞–¥–µ—è–ª–∏—Å—å, –Ω–æ —ç—Ç–æ –ø—Ä–∞–≤–¥–∞: —Å–æ—Å—Ç–æ—è–ª–∞—Å—å –ø—Ä–µ–º—å–µ—Ä–∞ –¥–µ–±—é—Ç–Ω–æ–≥–æ —Ç—Ä–µ–π–ª–µ—Ä–∞ –∫ '–ü–µ—Ä–≤–æ–º—É –º—Å—Ç–∏—Ç–µ–ª—é 3', –≤ –∫–æ—Ç–æ—Ä–æ–º –¢–æ–Ω–∏ –°—Ç–∞—Ä–∫ –≤—ã—Å—Ç—É–ø–∏—Ç –ø—Ä–æ—Ç–∏–≤ –ö–∞–ø–∏—Ç–∞–Ω–∞ –ê–º–µ—Ä–∏–∫–∏! #—Ç—Ä–µ–π–ª–µ—Ä—ã #EuropaPlusTV  http://europaplustv.com/news/view/id/51011",http://vk.com/wall123342149_26015,123342149
25.11.2015 09:56:38,"¬´–†–∞—Å–∫–æ–ª –º—Å—Ç–∏—Ç–µ–ª–µ–π¬ª –ø–µ—Ä–µ–∏–º–µ–Ω–æ–≤–∞–ª–∏: —Ç–µ–ø–µ—Ä—å –∫–∏–Ω–æ –Ω–∞–∑—ã–≤–∞–µ—Ç—Å—è ¬´–ü–µ—Ä–≤—ã–π –º—Å—Ç–∏—Ç–µ–ª—å: –ø—Ä–æ—Ç–∏–≤–æ—Å—Ç–æ—è–Ω–∏–µ¬ª. –ö—Ä–æ–º–µ —Ç–æ–≥–æ, –≤—ã—à–µ–ª —Ä—É—Å—Å–∫–æ—è–∑—ã—á–Ω—ã–π —Ç—Ä–µ–π–ª–µ—Ä —ç—Ç–æ–π —É–∂–µ –º–Ω–æ–≥–∏–º –ø–æ–¥–Ω–∞–¥–æ–µ–≤—à–µ–π, –Ω–æ –≤—Å—ë –µ—â—ë –∫—É–ª—å—Ç–æ–≤–æ–π —Å–µ—Ä–∏–∏ —Ñ–∏–ª—å–º–æ–≤.",http://ok.ru/group/52660933886021/topic/64530165686341,52660933886021
25.11.2015 09:46:05,"–†—É—Å—Å–∫–∏–π —Ç—Ä–µ–π–ª–µ—Ä —Ñ–∏–ª—å–º–∞ - –ü–µ—Ä–≤—ã–π –º—Å—Ç–∏—Ç–µ–ª—å: –ü—Ä–æ—Ç–∏–≤–æ—Å—Ç–æ—è–Ω–∏–µ (2016) https://goo.gl/c3Rqfi ‚úî –ü–æ–¥–ø–∏—à–∏—Å—å –Ω–∞ –∫–∞–Ω–∞–ª - https://goo.gl/c1ggr7  ‚úî –ì—Ä—É–ø–ø–∞ –≤ –æ–¥–Ω–æ–∫–ª–∞—Å—Å–Ω–∏–∫–∞—Ö - http://ok.ru/group/52778911400108 –°—Ç–∞–≤—å—Ç–µ –∫–ª–∞—Å—Å –∏ –ø–æ–¥–µ–ª–∏—Ç–µ—Å—å –≤–∏–¥–µ–æ —É —Å–µ–±—è –Ω–∞ —Å—Ç—Ä–∞–Ω–∏—Ü–∞—Ö. –°–ø–∞—Å–∏–±–æ –±–æ–ª—å—à–æ–µ –õ—É—á—à–∏–µ –≤–∏–¥–µ–æ –ø—Ä–∏–∫–æ–ª—ã –Ω–∞ –∫–∞–Ω–∞–ª–µ - https://goo.gl/ZpL8iE   –õ—É—á—à–∏–µ –ü–æ–¥–±–æ—Ä–∫–∏ –ø—Ä–∏–∫–æ–ª–æ–≤ Comedy Home - https://goo.gl/ZLFQEb   –ö–∞–Ω–∞–ª –¥–ª—è –¥–µ—Ç–µ–π - https://goo.gl/OzG1kh   –ù–∞–∑–≤–∞–Ω–∏–µ: –ü–µ—Ä–≤—ã–π –º—Å—Ç–∏—Ç–µ–ª—å: –ü—Ä–æ—Ç–∏–≤–æ—Å—Ç–æ—è–Ω–∏–µ –û—Ä–∏–≥–∏–Ω–∞–ª—å–Ω–æ–µ –Ω–∞–∑–≤–∞–Ω–∏–µ: Captain America: Civil War –ì–æ–¥ –≤—ã—Ö–æ–¥–∞: 2016 –ñ–∞–Ω—Ä: —Ñ–∞–Ω—Ç–∞—Å—Ç–∏–∫–∞, –±–æ–µ–≤–∏–∫, —Ç—Ä–∏–ª–ª–µ—Ä –í—ã–ø—É—â–µ–Ω–æ: –°–®–ê –†–µ–∂–∏—Å—Å–µ—Ä: –≠–Ω—Ç–æ–Ω–∏ –†—É—Å—Å–æ, –î–∂–æ –†—É—Å—Å–æ –í —Ä–æ–ª—è—Ö: –ö—Ä–∏—Å –≠–≤–∞–Ω—Å, –°–∫–∞—Ä–ª–µ—Ç—Ç –ô–æ—Ö–∞–Ω—Å—Å–æ–Ω, –†–æ–±–µ—Ä—Ç –î–∞—É–Ω–∏ –º–ª., –≠–ª–∏–∑–∞–±–µ—Ç –û–ª—Å–µ–Ω, –õ–µ—Å–ª–∏ –ë–∏–±–±, –ü–æ–ª –†–∞–¥–¥, –ú–∞—Ä–∏—Å–∞ –¢–æ–º–µ–π, –≠–Ω—Ç–æ–Ω–∏ –ú–∞–∫–∏, –î–∂–µ—Ä–µ–º–∏ –†–µ–Ω–Ω–µ—Ä, –ü–æ–ª –ë–µ—Ç—Ç–∞–Ω–∏   –ü—Ä–µ–º—å–µ—Ä–∞ (–º–∏—Ä): 28 –∞–ø—Ä–µ–ª—è 2016 –ü—Ä–µ–º—å–µ—Ä–∞ (–†–§): 5 –º–∞—è 2016, ¬´WDSSPR¬ª   –û —Ñ–∏–ª—å–º–µ: –ú—Å—Ç–∏—Ç–µ–ª–∏ –ø–æ–¥ —Ä—É–∫–æ–≤–æ–¥—Å—Ç–≤–æ–º –ö–∞–ø–∏—Ç–∞–Ω–∞ –ê–º–µ—Ä–∏–∫–∏ –æ–∫–∞–∑—ã–≤–∞—é—Ç—Å—è —É—á–∞—Å—Ç–Ω–∏–∫–∞–º–∏ —Ä–∞–∑—Ä—É—à–∏—Ç–µ–ª—å–Ω–æ–≥–æ –∏–Ω—Ü–∏–¥–µ–Ω—Ç–∞, –∏–º–µ—é—â–µ–≥–æ –º–µ–∂–¥—É–Ω–∞—Ä–æ–¥–Ω—ã–π –º–∞—Å—à—Ç–∞–±. –≠—Ç–∏ —Å–æ–±—ã—Ç–∏—è –∑–∞—Å—Ç–∞–≤–ª—è—é—Ç –ø—Ä–∞–≤–∏—Ç–µ–ª—å—Å—Ç–≤–æ –∑–∞–¥—É–º–∞—Ç—å—Å—è –Ω–∞–¥ —Ç–µ–º, —á—Ç–æ–±—ã –Ω–∞—á–∞—Ç—å —Ä–µ–≥—É–ª–∏—Ä–æ–≤–∞—Ç—å –¥–µ–π—Å—Ç–≤–∏—è –≤—Å–µ—Ö –ª—é–¥–µ–π —Å –æ—Å–æ–±—ã–º–∏ —Å–ø–æ—Å–æ–±–Ω–æ—Å—Ç—è–º–∏, –≤–≤–µ–¥—è ¬´–ê–∫—Ç –æ —Ä–µ–≥–∏—Å—Ç—Ä–∞—Ü–∏–∏ —Å—É–ø–µ—Ä–≥–µ—Ä–æ–µ–≤¬ª, –≤—ã–Ω—É–∂–¥–∞—è –∏—Ö —Ä–∞—Å–∫—Ä—ã—Ç—å —Å–≤–æ–∏ –ª–∏—á–Ω–æ—Å—Ç–∏ –∏ —Ä–∞–±–æ—Ç–∞—Ç—å –Ω–∞ –ø—Ä–∞–≤–∏—Ç–µ–ª—å—Å—Ç–≤–µ–Ω–Ω—ã–µ —Å–ª—É–∂–±—ã.   –í–∏–¥—è –≤ —ç—Ç–æ–º –∑–∞–∫–æ–Ω–µ –Ω–∞—Ä—É—à–µ–Ω–∏–µ –≥—Ä–∞–∂–¥–∞–Ω—Å–∫–∏—Ö –ø—Ä–∞–≤ –∏ –ø–ª–µ–≤–æ–∫ –≤–æ –≤—Å—ë, —á—Ç–æ –æ–Ω –≤–µ—Ä–∏—Ç, –°—Ç–∏–≤ –†–æ–¥–∂–µ—Ä—Å –æ—Ç–∫—Ä—ã—Ç–æ –≤–æ—Å—Å—Ç–∞—ë—Ç –ø—Ä–æ—Ç–∏–≤ –Ω–æ–≤–æ–≥–æ —Ä–µ–∂–∏–º–∞, –≤–µ–¥—è –∑–∞ —Å–æ–±–æ–π –≥—Ä—É–ø–ø—É –≥–µ—Ä–æ–µ–≤, –ø–æ–¥–¥–µ—Ä–∂–∏–≤–∞—é—â–∏—Ö –µ–≥–æ –º–Ω–µ–Ω–∏–µ. –í —Å–≤–æ—é –∂–µ –æ—á–µ—Ä–µ–¥—å, –¢–æ–Ω–∏ –°—Ç–∞—Ä–∫ –≤–∏–¥–∏—Ç –ø—Ä–∞–≤–∏–ª—å–Ω–æ—Å—Ç—å –≤ –Ω–æ–≤–æ–º –∑–∞–∫–æ–Ω–µ, –∏ —Å—Ç–∞–Ω–æ–≤–∏—Ç—Å—è –≤–æ –≥–ª–∞–≤–µ –≥–µ—Ä–æ–µ–≤, –ø–æ–¥–¥–µ—Ä–∂–∏–≤–∞—é—â–∏—Ö –µ–≥–æ. –í—Å—ë —ç—Ç–æ –ø—Ä–∏–≤–æ–¥–∏—Ç –∫ –Ω–µ–∏–∑–±–µ–∂–Ω–æ–º—É —Ä–∞—Å–∫–æ–ª—É –ú—Å—Ç–∏—Ç–µ–ª–µ–π, –∏ –≥—Ä–∞–∂–¥–∞–Ω—Å–∫–æ–π –≤–æ–π–Ω–µ –º–µ–∂–¥—É –¥–≤—É–º—è —Å—Ç–æ—Ä–æ–Ω–∞–º–∏. –°—Ä–∞–∂–∞—è—Å—å –¥—Ä—É–≥ —Å –¥—Ä—É–≥–æ–º, –°—Ç–∞—Ä–∫ –∏ –†–æ–¥–∂–µ—Ä—Å –Ω–µ –∑–Ω–∞—é—Ç –æ —Ç–æ–º, —á—Ç–æ —Ç–∞–∏–Ω—Å—Ç–≤–µ–Ω–Ω—ã–π –ë–∞—Ä–æ–Ω –ó–µ–º–æ —É–∂–µ —Å—Ç—Ä–æ–∏—Ç —Å–≤–æ–∏ —Å–æ–±—Å—Ç–≤–µ–Ω–Ω—ã–µ –ø–ª–∞–Ω—ã, –≤–æ—Å–ø–æ–ª—å–∑–æ–≤–∞–≤—à–∏—Å—å —Ä–∞—Å–∫–æ–ª–æ–º –≤–µ–ª–∏—á–∞–π—à–∏—Ö –≥–µ—Ä–æ–µ–≤ –ó–µ–º–ª–∏.",http://ok.ru/profile/522457433260/statuses/64601472723884,522457433260
25.11.2015 09:45:57,"–†—É—Å—Å–∫–∏–π —Ç—Ä–µ–π–ª–µ—Ä —Ñ–∏–ª—å–º–∞ - –ü–µ—Ä–≤—ã–π –º—Å—Ç–∏—Ç–µ–ª—å: –ü—Ä–æ—Ç–∏–≤–æ—Å—Ç–æ—è–Ω–∏–µ (2016) https://goo.gl/c3Rqfi ‚úî –ü–æ–¥–ø–∏—à–∏—Å—å –Ω–∞ –∫–∞–Ω–∞–ª - https://goo.gl/c1ggr7  ‚úî –ì—Ä—É–ø–ø–∞ –≤ –æ–¥–Ω–æ–∫–ª–∞—Å—Å–Ω–∏–∫–∞—Ö - http://ok.ru/group/52778911400108 –°—Ç–∞–≤—å—Ç–µ –∫–ª–∞—Å—Å –∏ –ø–æ–¥–µ–ª–∏—Ç–µ—Å—å –≤–∏–¥–µ–æ —É —Å–µ–±—è –Ω–∞ —Å—Ç—Ä–∞–Ω–∏—Ü–∞—Ö. –°–ø–∞—Å–∏–±–æ –±–æ–ª—å—à–æ–µ –õ—É—á—à–∏–µ –≤–∏–¥–µ–æ –ø—Ä–∏–∫–æ–ª—ã –Ω–∞ –∫–∞–Ω–∞–ª–µ - https://goo.gl/ZpL8iE  –õ—É—á—à–∏–µ –ü–æ–¥–±–æ—Ä–∫–∏ –ø—Ä–∏–∫–æ–ª–æ–≤ Comedy Home - https://goo.gl/ZLFQEb  –ö–∞–Ω–∞–ª –¥–ª—è –¥–µ—Ç–µ–π - https://goo.gl/OzG1kh  –ù–∞–∑–≤–∞–Ω–∏–µ: –ü–µ—Ä–≤—ã–π –º—Å—Ç–∏—Ç–µ–ª—å: –ü—Ä–æ—Ç–∏–≤–æ—Å—Ç–æ—è–Ω–∏–µ –û—Ä–∏–≥–∏–Ω–∞–ª—å–Ω–æ–µ –Ω–∞–∑–≤–∞–Ω–∏–µ: Captain America: Civil War –ì–æ–¥ –≤—ã—Ö–æ–¥–∞: 2016 –ñ–∞–Ω—Ä: —Ñ–∞–Ω—Ç–∞—Å—Ç–∏–∫–∞, –±–æ–µ–≤–∏–∫, —Ç—Ä–∏–ª–ª–µ—Ä –í—ã–ø—É—â–µ–Ω–æ: –°–®–ê –†–µ–∂–∏—Å—Å–µ—Ä: –≠–Ω—Ç–æ–Ω–∏ –†—É—Å—Å–æ, –î–∂–æ –†—É—Å—Å–æ –í —Ä–æ–ª—è—Ö: –ö—Ä–∏—Å –≠–≤–∞–Ω—Å, –°–∫–∞—Ä–ª–µ—Ç—Ç –ô–æ—Ö–∞–Ω—Å—Å–æ–Ω, –†–æ–±–µ—Ä—Ç –î–∞—É–Ω–∏ –º–ª., –≠–ª–∏–∑–∞–±–µ—Ç –û–ª—Å–µ–Ω, –õ–µ—Å–ª–∏ –ë–∏–±–±, –ü–æ–ª –†–∞–¥–¥, –ú–∞—Ä–∏—Å–∞ –¢–æ–º–µ–π, –≠–Ω—Ç–æ–Ω–∏ –ú–∞–∫–∏, –î–∂–µ—Ä–µ–º–∏ –†–µ–Ω–Ω–µ—Ä, –ü–æ–ª –ë–µ—Ç—Ç–∞–Ω–∏  –ü—Ä–µ–º—å–µ—Ä–∞ (–º–∏—Ä): 28 –∞–ø—Ä–µ–ª—è 2016 –ü—Ä–µ–º—å–µ—Ä–∞ (–†–§): 5 –º–∞—è 2016, ¬´WDSSPR¬ª  –û —Ñ–∏–ª—å–º–µ: –ú—Å—Ç–∏—Ç–µ–ª–∏ –ø–æ–¥ —Ä—É–∫–æ–≤–æ–¥—Å—Ç–≤–æ–º –ö–∞–ø–∏—Ç–∞–Ω–∞ –ê–º–µ—Ä–∏–∫–∏ –æ–∫–∞–∑—ã–≤–∞—é—Ç—Å—è —É—á–∞—Å—Ç–Ω–∏–∫–∞–º–∏ —Ä–∞–∑—Ä—É—à–∏—Ç–µ–ª—å–Ω–æ–≥–æ –∏–Ω—Ü–∏–¥–µ–Ω—Ç–∞, –∏–º–µ—é—â–µ–≥–æ –º–µ–∂–¥—É–Ω–∞—Ä–æ–¥–Ω—ã–π –º–∞—Å—à—Ç–∞–±. –≠—Ç–∏ —Å–æ–±—ã—Ç–∏—è –∑–∞—Å—Ç–∞–≤–ª—è—é—Ç –ø—Ä–∞–≤–∏—Ç–µ–ª—å—Å—Ç–≤–æ –∑–∞–¥—É–º–∞—Ç—å—Å—è –Ω–∞–¥ —Ç–µ–º, —á—Ç–æ–±—ã –Ω–∞—á–∞—Ç—å —Ä–µ–≥—É–ª–∏—Ä–æ–≤–∞—Ç—å –¥–µ–π—Å—Ç–≤–∏—è –≤—Å–µ—Ö –ª—é–¥–µ–π —Å –æ—Å–æ–±—ã–º–∏ —Å–ø–æ—Å–æ–±–Ω–æ—Å—Ç—è–º–∏, –≤–≤–µ–¥—è ¬´–ê–∫—Ç –æ —Ä–µ–≥–∏—Å—Ç—Ä–∞—Ü–∏–∏ —Å—É–ø–µ—Ä–≥–µ—Ä–æ–µ–≤¬ª, –≤—ã–Ω—É–∂–¥–∞—è –∏—Ö —Ä–∞—Å–∫—Ä—ã—Ç—å —Å–≤–æ–∏ –ª–∏—á–Ω–æ—Å—Ç–∏ –∏ —Ä–∞–±–æ—Ç–∞—Ç—å –Ω–∞ –ø—Ä–∞–≤–∏—Ç–µ–ª—å—Å—Ç–≤–µ–Ω–Ω—ã–µ —Å–ª—É–∂–±—ã.  –í–∏–¥—è –≤ —ç—Ç–æ–º –∑–∞–∫–æ–Ω–µ –Ω–∞—Ä—É—à–µ–Ω–∏–µ –≥—Ä–∞–∂–¥–∞–Ω—Å–∫–∏—Ö –ø—Ä–∞–≤ –∏ –ø–ª–µ–≤–æ–∫ –≤–æ –≤—Å—ë, —á—Ç–æ –æ–Ω –≤–µ—Ä–∏—Ç, –°—Ç–∏–≤ –†–æ–¥–∂–µ—Ä—Å –æ—Ç–∫—Ä—ã—Ç–æ –≤–æ—Å—Å—Ç–∞—ë—Ç –ø—Ä–æ—Ç–∏–≤ –Ω–æ–≤–æ–≥–æ —Ä–µ–∂–∏–º–∞, –≤–µ–¥—è –∑–∞ —Å–æ–±–æ–π –≥—Ä—É–ø–ø—É –≥–µ—Ä–æ–µ–≤, –ø–æ–¥–¥–µ—Ä–∂–∏–≤–∞—é—â–∏—Ö –µ–≥–æ –º–Ω–µ–Ω–∏–µ. –í —Å–≤–æ—é –∂–µ –æ—á–µ—Ä–µ–¥—å, –¢–æ–Ω–∏ –°—Ç–∞—Ä–∫ –≤–∏–¥–∏—Ç –ø—Ä–∞–≤–∏–ª—å–Ω–æ—Å—Ç—å –≤ –Ω–æ–≤–æ–º –∑–∞–∫–æ–Ω–µ, –∏ —Å—Ç–∞–Ω–æ–≤–∏—Ç—Å—è –≤–æ –≥–ª–∞–≤–µ –≥–µ—Ä–æ–µ–≤, –ø–æ–¥–¥–µ—Ä–∂–∏–≤–∞—é—â–∏—Ö –µ–≥–æ. –í—Å—ë —ç—Ç–æ –ø—Ä–∏–≤–æ–¥–∏—Ç –∫ –Ω–µ–∏–∑–±–µ–∂–Ω–æ–º—É —Ä–∞—Å–∫–æ–ª—É –ú—Å—Ç–∏—Ç–µ–ª–µ–π, –∏ –≥—Ä–∞–∂–¥–∞–Ω—Å–∫–æ–π –≤–æ–π–Ω–µ –º–µ–∂–¥—É –¥–≤—É–º—è —Å—Ç–æ—Ä–æ–Ω–∞–º–∏. –°—Ä–∞–∂–∞—è—Å—å –¥—Ä—É–≥ —Å –¥—Ä—É–≥–æ–º, –°—Ç–∞—Ä–∫ –∏ –†–æ–¥–∂–µ—Ä—Å –Ω–µ –∑–Ω–∞—é—Ç –æ —Ç–æ–º, —á—Ç–æ —Ç–∞–∏–Ω—Å—Ç–≤–µ–Ω–Ω—ã–π –ë–∞—Ä–æ–Ω –ó–µ–º–æ —É–∂–µ —Å—Ç—Ä–æ–∏—Ç —Å–≤–æ–∏ —Å–æ–±—Å—Ç–≤–µ–Ω–Ω—ã–µ –ø–ª–∞–Ω—ã, –≤–æ—Å–ø–æ–ª—å–∑–æ–≤–∞–≤—à–∏—Å—å —Ä–∞—Å–∫–æ–ª–æ–º –≤–µ–ª–∏—á–∞–π—à–∏—Ö –≥–µ—Ä–æ–µ–≤ –ó–µ–º–ª–∏.",http://ok.ru/group/52778911400108/topic/64601472265132,52778911400108
25.11.2015 09:43:00,"–û–ø—É–±–ª–∏–∫–æ–≤–∞–Ω –æ—Ñ–∏—Ü–∏–∞–ª—å–Ω—ã–π —Ç—Ä–µ–π–ª–µ—Ä —Ñ–∏–ª—å–º–∞ '–ü–µ—Ä–≤—ã–π –º—Å—Ç–∏—Ç–µ–ª—å: –ì—Ä–∞–∂–¥–∞–Ω—Å–∫–∞—è –≤–æ–π–Ω–∞'. –ö–∞—Ä—Ç–∏–Ω–∞ –≤—ã–π–¥–µ—Ç –≤ –ø—Ä–æ–∫–∞—Ç –≤ –º–∞–µ 2016 –≥–æ–¥–∞. http://video.vesti-ukr.com/kultura/5291-marvel-pokazal-grazhdanskuju-vojnu-mstitelej",http://ok.ru/group/57050099941408/topic/64635570296096,57050099941408
25.11.2015 09:33:30,"–ê –≤–æ—Ç –µ—â–µ –∏ –Ω–æ–≤—ã–µ –ø–æ—Å—Ç–µ—Ä—ã –∫ –±–ª–æ–∫–±–∞—Å—Ç–µ—Ä—É '–ü–µ—Ä–≤—ã–π –ú—Å—Ç–∏—Ç–µ–ª—å: –ü—Ä–æ—Ç–∏–≤–æ—Å—Ç–æ—è–Ω–∏–µ'. –°–µ–≥–æ–¥–Ω—è –ª–µ–Ω—å –ú—Å—Ç–∏—Ç–µ–ª–µ–π –ø—Ä—è–º–æ!:)",http://ok.ru/group/56907908579369/topic/64622690719017,56907908579369
25.11.2015 09:01:23,"–¢–æ–Ω–∏ –°—Ç–∞—Ä–∫ –ø—Ä–æ—Ç–∏–≤ –ö–∞–ø–∏—Ç–∞–Ω–∞ –ê–º–µ—Ä–∏–∫–∏. –î–æ–ª–≥–æ–∂–¥–∞–Ω–Ω—ã–π —Ç—Ä–µ–π–ª–µ—Ä —Ñ–∏–ª—å–º–∞ '–ü–µ—Ä–≤—ã–π –º—Å—Ç–∏—Ç–µ–ª—å: –ü—Ä–æ—Ç–∏–≤–æ—Å—Ç–æ—è–Ω–∏–µ'.",https://www.facebook.com/274880985255/posts/10153670584790256,274880985255
25.11.2015 10:45:26,"–Ω–∞–¥–æ–µ–ª–∏ —Ñ–∏–ª—å–º—ã –ø—Ä–æ —Ñ—É—Ñ–ª—ã–∂–Ω—ã—Ö —Å—É–ø–µ—Ä-–≥–µ—Ä–æ–µ–≤",https://www.facebook.com/274880985255/posts/10153670584790256?comment_id=10153670712320256,812151432254488
25.11.2015 08:47:14,"–ü—Ä–æ—Ç–∏–≤–æ—Å—Ç–æ—è–Ω–∏–µ? –í—ã —Å–µ—Ä—å–µ–∑–Ω–æ? –ü–æ—á–µ–º—É –Ω–µ –ü–µ—Ä–≤—ã–π –º—Å—Ç–∏—Ç–µ–ª—å. –†—ã–±–∏–π –∂–∏—Ä???",http://vk.com/wall66200830_6157,66200830
25.11.2015 08:45:43,"'–ü–µ—Ä–≤—ã–π –º—Å—Ç–∏—Ç–µ–ª—å: –ü—Ä–æ—Ç–∏–≤–æ—Å—Ç–æ—è–Ω–∏–µ' - —Ç–µ–ø–µ—Ä—å —ç—Ç–æ —Ç–∞–∫ –Ω–∞–∑—ã–≤–∞–µ—Ç—Å—è.–í–æ—Ç –¥—É–±–ª–∏—Ä–æ–≤–∞–Ω–Ω—ã–π —Ç—Ä–µ–π–ª–µ—Ä. –ß–µ—Ö–∞—Ä–¥–∞ —Å –Ω–∞–∑–≤–∞–Ω–∏—è–º–∏ –≤—ã–º–∞—Ç—ã–≤–∞–µ—Ç - –Ω–æ —Ö–æ—Ä–æ—à–æ —Ç–æ, —á—Ç–æ –∫ –Ω–∞—à–µ–º—É —Å –≤–∞–º–∏ –º–Ω–µ–Ω–∏—é –ø—Ä–∏—Å–ª—É—à–∏–≤–∞—é—Ç—Å—è!",http://ok.ru/group/56907908579369/topic/64622510232873,56907908579369
25.11.2015 08:44:25,"–ü–µ—Ä–≤—ã–π –º—Å—Ç–∏—Ç–µ–ª—å: –ü—Ä–æ—Ç–∏–≤–æ—Å—Ç–æ—è–Ω–∏–µ (2016) | –¢—Ä–µ–π–ª–µ—Ä",http://vk.com/wall1431028_2076,1431028
25.11.2015 08:25:48,"–ù–æ–≤—ã–π –ü–µ—Ä–≤—ã–π –º—Å—Ç–∏—Ç–µ–ª—å —ç—Ç–æ —Ç–∞–∫–∞—è —Å–∏–ª—å–Ω–∞—è –≥–µ–π –¥—Ä–∞–º–∞, –≥–¥–µ –æ–¥–∏–Ω –ø–∞—Ü–∞–Ω —É—Ö–æ–¥–∏—Ç –∫ –¥—Ä—É–≥–æ–º—É –ø–∞—Ü–∞–Ω—É, –ø–æ—Ç–æ–º—É —á—Ç–æ —Ç–æ—Ç —Å –Ω–∏–º –º–Ω–æ–≥–æ –ø—Ä–æ—à—ë–ª. –ê —Ç—Ä–µ—Ç–∏–π –Ω–µ –≥–æ—Ç–æ–≤ —Å —ç—Ç–∏–º —Å–º–∏—Ä–∏—Ç—å—Å—è.",http://vk.com/wall13428267_38021,13428267
25.11.2015 08:18:17,"–ü–µ—Ä–≤—ã–π —Ç—Ä–µ–π–ª–µ—Ä —Ñ–∏–ª—å–º–∞ –ü–µ—Ä–≤—ã–π –ú—Å—Ç–∏—Ç–µ–ª—å: –ì—Ä–∞–∂–¥–∞–Ω—Å–∫–∞—è –í–æ–π–Ω–∞, –æ–π –ø—Ä–æ—Å—Ç–∏—Ç–µ... –†–∞—Å–∫–æ–ª –ú—Å—Ç–∏—Ç–µ–ª–µ–π, —Ö–æ—Ç—è –Ω–µ—Ç, —É–∂–µ —Ç–æ–∂–µ –Ω–µ –∞–∫—Ç—É–∞–ª—å–Ω–æ, –∏–∑–≤–∏–Ω–∏—Ç–µ.   –í–æ–æ–±—â–µ–º –ø–æ–∫–∞ –æ—Å—Ç–∞–Ω–æ–≤–∏–ª–∏—Å—å –Ω–∞ –Ω–∞–∑–≤–∞–Ω–∏–∏ '–ü—Ä–æ—Ç–∏–≤–æ—Å—Ç–æ—è–Ω–∏–µ', –Ω–∞–¥–µ–µ–º—Å—è —Ö–æ—Ç—è –±—ã –º–µ—Å—è—Ü –ø—Ä–æ–∂–∏–≤–µ–º –Ω–µ –ø–æ–º–µ–Ω—è–≤ –≤ 4 —Ä–∞–∑ –Ω–∞–∑–≤–∞–Ω–∏–µ —Ñ–∏–ª—å–º–∞. –î—É–±–ª—è–∂ –ø—Ä–µ–∫—Ä–∞—Å–µ–Ω –∫–∞–∫ –Ω–∏–∫–æ–≥–¥–∞.   –í —Å–∫–æ—Ä–æ–º –≤—Ä–µ–º–µ–Ω–∏ –Ω–∞ 2poster.ru –ø–æ—è–≤–∏—Ç—Å—è –Ω–æ–≤–∞—è –∫–æ–ª–ª–µ–∫—Ü–∏—è –ø–ª–∞–∫–∞—Ç–æ–≤ –Ω–∞ —Ç–µ–º—É '–ü—Ä–æ—Ç–∏–≤–æ—Å—Ç–æ—è–Ω–∏—è' –ö–∞–ø–∏—Ç–∞–Ω–∞ –ê–º–µ—Ä–∏–∫–∏ –∏ –ñ–µ–ª–µ–∑–Ω–æ–≥–æ –ß–µ–ª–æ–≤–µ–∫–∞.   –ê –ø–æ–∫–∞ –≤—ã –º–æ–∂–µ—Ç–µ –ø–æ—Å–º–æ—Ç—Ä–µ—Ç—å –Ω–∞—à–∏ –ø–æ—Å—Ç–µ—Ä—ã –Ω–∞ —Ç–µ–º—É –¢–æ–Ω–∏ –ñ–µ–ª–µ–∑–Ω–æ–≥–æ –°—Ç–∞—Ä–∫–∞: http://2poster.ru/catalog/cat/226-jelezniychelovek",http://ok.ru/group/52500656357532/topic/64551917756572,52500656357532
25.11.2015 08:01:37,"–ü–µ—Ä–≤—ã–π –º—Å—Ç–∏—Ç–µ–ª—å: –ü—Ä–æ—Ç–∏–≤–æ—Å—Ç–æ—è–Ω–∏–µ. –ø—Ä–µ–º—å–µ—Ä–∞: 6 –º–∞—è 2016.",http://vk.com/wall326290501_127,326290501
25.11.2015 08:01:25,"–¢—Ä–µ–π–ª–µ—Ä —Ñ–∏–ª—å–º–∞ ¬´–ü–µ—Ä–≤—ã–π –º—Å—Ç–∏—Ç–µ–ª—å: –ü—Ä–æ—Ç–∏–≤–æ—Å—Ç–æ—è–Ω–∏–µ¬ª.   –ü–æ—Å–ª–µ —Å–æ–±—ã—Ç–∏–π, –ø–æ–∫–∞–∑–∞–Ω–Ω—ã—Ö –≤ —Ñ–∏–ª—å–º–µ ¬´–≠—Ä–∞ –ê–ª—å—Ç—Ä–æ–Ω–∞¬ª, –ø–æ–ª–∏—Ç–∏–∫–∏ —Å–æ–±–∏—Ä–∞—é—Ç—Å—è –ø—Ä–∏–Ω—è—Ç—å –∞–∫—Ç —Ä–µ–≥–∏—Å—Ç—Ä–∞—Ü–∏–∏ —Å—É–ø–µ—Ä–≥–µ—Ä–æ–µ–≤, —á—Ç–æ–±—ã —Ç–µ –Ω–µ—Å–ª–∏ –æ—Ç–≤–µ—Ç—Å—Ç–≤–µ–Ω–Ω–æ—Å—Ç—å –∑–∞ —Å–≤–æ—é –¥–µ—è—Ç–µ–ª—å–Ω–æ—Å—Ç—å. –û–¥–Ω–∏–º –∏–∑ –≥–ª–∞–≤–Ω—ã—Ö –ø–æ–±–æ—Ä–Ω–∏–∫–æ–≤ –Ω–æ–≤–æ–≥–æ –∞–∫—Ç–∞ —Å—Ç–∞–Ω–æ–≤–∏—Ç—Å—è –¢–æ–Ω–∏ –°—Ç–∞—Ä–∫. –ü—Ä–æ—Ç–∏–≤–æ—Å—Ç–æ–∏—Ç –µ–º—É –ö–∞–ø–∏—Ç–∞–Ω –ê–º–µ—Ä–∏–∫–∞, —Å—á–∏—Ç–∞—é—â–∏–π, —á—Ç–æ –≥—Ä–∞–∂–¥–∞–Ω—Å–∫–∏–µ —Å–≤–æ–±–æ–¥—ã –≤–∞–∂–Ω–µ–µ –≤—Å–µ–≥–æ. –ö—Ç–æ –∏–∑ –∫–æ–º–∞–Ω–¥—ã —Å—É–ø–µ—Ä–≥–µ—Ä–æ–µ–≤ –∑–∞–π–º–µ—Ç —Å—Ç–æ—Ä–æ–Ω—É –º–∏–ª–ª–∏–æ–Ω–µ—Ä–∞ –≤ –∂–µ–ª–µ–∑–Ω–æ–º –∫–æ—Å—Ç—é–º–µ, –∞ –∫—Ç–æ –ø–µ—Ä–µ–π–¥–µ—Ç –Ω–∞ —Å—Ç–æ—Ä–æ–Ω—É –≤–µ—Ç–µ—Ä–∞–Ω–∞ –í—Ç–æ—Ä–æ–π –ú–∏—Ä–æ–≤–æ–π?  –í–æ –≤—Å–µ—Ö –∫–∏–Ω–æ—Ç–µ–∞—Ç—Ä–∞—Ö –§–æ—Ä–º—É–ª–∞ –ö–∏–Ω–æ —Å 5 –º–∞—è 2016 –≥–æ–¥–∞ !",https://www.facebook.com/143896755642892/posts/1079255078773717,143896755642892
25.11.2015 07:58:37,"–ê-–∞-–∞-–∞-–∞-–∞-–∞-–∞-–∞-–∞!  –≠—Ç–æ–π –Ω–æ—á—å—é –≤–æ –≤—Ä–µ–º—è –ø–µ—Ä–µ–¥–∞—á–∏ ¬´–î–∂–∏–º–º–∏ –ö–∏–º–º–µ–ª –≤ –ø—Ä—è–º–æ–º —ç—Ñ–∏—Ä–µ¬ª –∫–æ–º–ø–∞–Ω–∏—è ¬´–î–∏—Å–Ω–µ–π¬ª –ø–æ–¥–µ–ª–∏–ª–∞—Å—å –ø–µ—Ä–≤—ã–º —Ç—Ä–µ–π–ª–µ—Ä–æ–º –∫ —Ñ–∏–ª—å–º—É Captain America: Civil War, –≤ –Ω–∞—à–µ–º –ø—Ä–æ–∫–∞—Ç–µ –∏–∑–≤–µ—Å—Ç–Ω–æ–º—É –∫–∞–∫ ¬´–ü–µ—Ä–≤—ã–π –ú—Å—Ç–∏—Ç–µ–ª—å: –ü—Ä–æ—Ç–∏–≤–æ—Å—Ç–æ—è–Ω–∏–µ¬ª.  http://kanobu.ru/news/pervyij-trejler-raskola-mstitelej-gruppovoe-izbienie-toni-starka-378902/",https://www.facebook.com/112599738783792/posts/1000900753287015,112599738783792
25.11.2015 07:42:34,"–ü—Ä–µ–º—å–µ—Ä–∞ –Ω–∞ –ö–∏–Ω–æ–ü–æ–∏—Å–∫–µ: –ö–∞–ø–∏—Ç–∞–Ω –ê–º–µ—Ä–∏–∫–∞ –ø—Ä–æ—Ç–∏–≤ –ñ–µ–ª–µ–∑–Ω–æ–≥–æ —á–µ–ª–æ–≤–µ–∫–∞ –≤ –¥—É–±–ª–∏—Ä–æ–≤–∞–Ω–Ω–æ–º —Ç—Ä–µ–π–ª–µ—Ä–µ —Ñ–∏–ª—å–º–∞ ¬´–ü–µ—Ä–≤—ã–π –º—Å—Ç–∏—Ç–µ–ª—å: –ü—Ä–æ—Ç–∏–≤–æ—Å—Ç–æ—è–Ω–∏–µ¬ª http://www.kinopoisk.ru/news/2683076/?utm_source=social&utm_medium=ok&utm_campaign=news&utm_content=civilwar",http://ok.ru/group/52728120934492/topic/64560853103964,52728120934492
25.11.2015 07:00:48,"–ü–æ—è–≤–∏–ª—Å—è –ø–µ—Ä–≤—ã–π —Ç—Ä–µ–π–ª–µ—Ä —Ñ–∏–ª—å–º–∞ ¬´–ü–µ—Ä–≤—ã–π –ú—Å—Ç–∏—Ç–µ–ª—å: –ü—Ä–æ—Ç–∏–≤–æ—Å—Ç–æ—è–Ω–∏–µ¬ª! –ü—Ä–µ–º—å–µ—Ä–∞ –≤ –†–æ—Å—Å–∏–∏ 5 –º–∞—è 2016 –≥–æ–¥–∞!",http://ok.ru/group/52134937952440/topic/64548019530680,52134937952440
25.11.2015 06:43:28,"–ê —É –Ω–∞—Å —Ä–∞–¥–æ—Å—Ç–Ω–∞—è –Ω–æ–≤–æ—Å—Ç—å: –¥–µ–±—é—Ç–Ω—ã–π —Ç—Ä–µ–π–ª–µ—Ä '–ü–µ—Ä–≤—ã–π –º—Å—Ç–∏—Ç–µ–ª—å: –ü—Ä–æ—Ç–∏–≤–æ—Å—Ç–æ—è–Ω–∏–µ' (Captain America: Civil War) ‚ò∫üéâ https://www.youtube.com/watch?v=43NWzay3W4s ‚Ä¶  –ü—Ä–µ–º—å–µ—Ä–∞ 5 –º–∞—è 2016",http://ok.ru/group/57191967817775/topic/64561436650436,57191967817775
25.11.2015 06:43:28,"–ê —É –Ω–∞—Å —Ä–∞–¥–æ—Å—Ç–Ω–∞—è –Ω–æ–≤–æ—Å—Ç—å: –¥–µ–±—é—Ç–Ω—ã–π —Ç—Ä–µ–π–ª–µ—Ä '–ü–µ—Ä–≤—ã–π –º—Å—Ç–∏—Ç–µ–ª—å: –ü—Ä–æ—Ç–∏–≤–æ—Å—Ç–æ—è–Ω–∏–µ' (Captain America: Civil War) ‚ò∫üéâ https://www.youtube.com/watch?v=43NWzay3W4s ‚Ä¶  –ü—Ä–µ–º—å–µ—Ä–∞ 5 –º–∞—è 2016",http://ok.ru/group/51177011675332/topic/64561436650436,51177011675332
