18.08.2016 00:00:00,–ê–Ω–∞–ª–∏–∑ –∫—Ä–æ–≤–∏ –Ω–∞ —Ç–æ–ª–µ—Ä–∞–Ω—Ç–Ω–æ—Å—Ç—å –∫ —Å–∞—Ö–∞—Ä–Ω–æ–º—É –¥–∏–∞–±–µ—Ç—É! –ü–æ–∫–∞–∑–∞–ª –¥–∞–Ω–Ω—ã–µ- 5,2 —ç—Ç–æ –¥–æ –ø—Ä–∏–µ–º–∞ –≥–ª—é–∫–æ–∑—ã; 8,5 —á–µ—Ä–µ–∑ —á–∞—Å –ø–æ—Å–ª–µ –≥–∞–¥–∫–æ–π –≥–ª—é–∫–æ–∑—ã; 8,0 —á–µ—Ä–µ–∑ 2 —á–∞—Å–∞, –≤—Ä–æ–¥–µ –≤—Å–µ –Ω–æ—Ä–º–∞–ª—å–Ω–æ!? –ö—Ç–æ —Å–¥–∞–≤–∞–ª?,http://www.baby.ru/blogs/post/488749901-462898394/
18.08.2016 00:00:00,–°–µ–≥–æ–¥–Ω—è –±—ã–ª–∏ —Å –º—É–∂–µ–º –≤ –∫–ª–∏–Ω–∏–∫–µ –ò–Ω–≤–∏—Ç—Ä–æ —É –ê–ª–µ–∫—Å–∞–Ω–¥—Ä–æ–≤–∞ –Ω–∞ —É–∑–∏. –í –∏—Ç–æ–≥–µ –ø–∞–ø–∞ —É –Ω–∞—Å –≤ —à–æ–∫–µ, –±—É–¥–µ—Ç —Ç—Ä–µ—Ç—å—è –¥–æ—á–∫–∞ üòä,http://www.baby.ru/blogs/post/488681419-58282213/
17.08.2016 00:00:00,–î–µ–≤–æ—á–∫–∏, —É –º–µ–Ω—è –µ—Å—Ç—å –∫—É–ø–æ–Ω—ã –Ω–∞ –∞–Ω–∞–ª–∏–∑—ã –≤ –ò–Ω–≤–∏—Ç—Ä–æ, —Å–ø–∞—Å–∏–±–æ –í–∞—Å–∏–ª–∏—Å–µ, —á—Ç–æ –ø—Ä–∏—Å–ª–∞–ª–∞ –∫—É–ø–æ–Ω—ãüòÑüëç. –ö–æ–º—É –Ω—É–∂–Ω–æ, –ø–∏—à–∏—Ç–µ –ø—Ä–∏—à–ª—é –Ω–∞ –ø–æ—á—Ç—É –¥–µ–π—Å—Ç–≤—É—é—Ç –¥–æ 28.08.16.,http://www.baby.ru/blogs/post/488525780-376166142/
16.08.2016 00:00:00, ...  –¥—Ä—É–≥–æ–º –∫–æ–Ω—Ü–µ –æ–±–ª–∞—Å—Ç–∏, —É –Ω–∞—Å —Ç—É—Ç —Ç—è–∂–∫–æ. –•–æ–¥–∏–ª–∞ –≤ –ò–ù–í–ò–¢–†–û, —Å—Ç—Ä–∞–Ω–Ω—ã–µ –º–Ω–µ –¥–∏–∞–≥–Ω–æ–∑—ã –ø–∏—à–µ—Ç –∏ –ø–æ—Å—Ç–æ—è–Ω–Ω–æ –Ω–∞ –û–ö ... ,http://www.baby.ru/clubs/seoposts/blog/post/488320877/
16.08.2016 00:00:00,–£ –º–µ–Ω—è —É–∂–µ –±—ã–ª–∞ —Ç–µ–º–∞, –ø–ª–æ—Ö–æ —Ä–æ—Å –•–ì–ß, –Ω–æ —Ä–æ—Å!!! –ø–æ—Å–ª–µ–¥–Ω–∏–µ –º–µ—Å—è—á–Ω—ã–µ –±—ã–ª–∏ 26.02. —Å—Ö–æ–¥–∏–ª–∞ –Ω–∞ —É–∑–∏ 13.04, —Ç–∞–∫ –∫–∞–∫ –±—ã–ª–∏ –≤—ã–¥–µ–ª–µ–Ω–∏—è —Å–≤–µ—Ç–ª–æ-–∫–æ—Ä–∏—á–Ω–µ–≤—ã–µ –º–∞–∂—É—â–∏–µ, –ø—Ä–∏–º–µ—Ä–Ω–æ –∫–∞–ø–µ–ª—å–∫–∞ –≤ –¥–µ–Ω—å.–£–≤–∏–¥–µ–ª–∏ –ü–Ø –≤ –º–∞—Ç–∫–µ 3,7 –º–º –∏ –∂–µ–ª—Ç–æ–µ —Ç–µ–ª–æ, –Ω–æ —Å –∫–∏—Å—Ç–æ–π. –°–∫–∞–∑–∞–ª–∏ —Å—Ä–æ–∫ –æ—á–µ–Ω—å –º–∞–ª–µ–Ω—å–∫–∏–π, 2-3 –Ω–µ–¥–µ–ª–∏, –±—ã–ª–∞ –ø–æ–∑–¥–Ω—è—è –æ–≤—É–ª—è—Ü–∏—è. –ù–∞–∑–Ω–∞—á–∏–ª–∏ –¥—é—Ñ–∞—Å—Ç–æ–Ω–∞, —Ñ–µ–º–∏–±–∏–æ–Ω1, –ú–∞–≥–Ω—ç –í6, –∏ —Ç—Ä–∞–Ω–µ–∫—Å–∞–º –≤ —Å–ª—É—á–∞–µ –ø–æ–≤—Ç–æ—Ä–µ–Ω–∏—è –º–∞–∑–Ω–∏. 14.04 —Å–¥–∞–ª–∞ –æ–∞–∫, –û–ê–ú, –•–ì–ß –∏ –ø—Ä–æ–≥–µ—Å—Ç–µ—Ä–æ–Ω. –•–ì–ß –æ—Ç 14.04 –±—ã–ª –≤—Å–µ–≥–æ 1575 –º–º–µ/–º–ª. –ü—Ä–æ–≥–µ—Å—Ç–µ—Ä–æ–Ω 87 ‚Äî –Ω–∞ –≤–µ—Ä—Ö–Ω–µ–π –≥—Ä–∞–Ω–∏—Ü–µ –Ω–æ—Ä–º–∞, –û–ê–ú ‚Äî —Ö–æ—Ä–æ—à–∏–π, –æ–∞–∫- –Ω–µ–º–Ω–æ–≥–æ –∑–∞–Ω–∏–∂–µ–Ω –≥–µ–º–æ–≥–ª–æ–±–∏–Ω. –í –∏—Ç–æ–≥–µ —è –±—ã–ª–∞ –∑–∞–ø–∏—Å–∞–Ω–∞ –Ω–∞ –ø—Ä–∏—ë–º —Å–µ–≥–æ–¥–Ω—è –≤ 12.00, –∞ –Ω–µ—Å–∫–æ–ª—å–∫–æ –¥–Ω–µ–π –Ω–∞–∑–∞–¥ –Ω–∞—á–∞–ª–æ –Ω–µ–º–Ω–æ–≥–æ –º–∞–∑–∞—Ç—å —Ç–µ–º–Ω–æ-–∫–æ—Ä–∏—á–Ω–µ–≤—ã–º. –ü—Ä–∏–Ω–∏–º–∞–ª–∞ —Ç—Ä–∞–Ω–µ–∫—Å–∞–º. –°–µ–≥–æ–¥–Ω—è –ø–µ—Ä–µ–¥ –ø—Ä–∏—ë–º–æ–º ‚Ä¶,http://www.baby.ru/clubs/seoposts/blog/post/488320813/
16.08.2016 00:00:00,–î–µ–≤–æ—á–∫–∏, –≥–¥–µ –ª—É—á—à–µ —Å–¥–∞–≤–∞—Ç—å –∞–Ω–∞–ª–∏–∑—ã??? –ö–æ–Ω–µ—á–Ω–æ –∏ –ø–æ —Ü–µ–Ω–∞–º, –Ω—É –∞ –≤ –ø–µ—Ä–≤—É—é –æ—á–µ—Ä–µ–¥—å –ö–ê–ß–ï–°–¢–í–û??? –°–∏—Ç–∏–õ–∞–± –∏–ª–∏ –ò–Ω–≤–∏—Ç—Ä–æ???,http://www.baby.ru/clubs/seoposts/blog/post/488319772/
16.08.2016 00:00:00,–ì–¥–µ –ø—Ä–∏–Ω–∏–º–∞—é—Ç –ø–ª–∞—Ç–Ω–æ –≤ –ª—é–±–æ–µ –≤—Ä–µ–º—è –¥–Ω—è??? –Ø —Å–µ–≥–æ–¥–Ω—è —Å –¥–æ—á–µ–π, –∫–∞–∫ –≤ –ø–æ–ø—É —É–∂–∞–ª–µ–Ω–Ω–∞—è, –æ–±–±–µ–≥–∞–ª–∞ –ø–æ–ª –≥–æ—Ä–æ–¥–∞‚Ä¶ –ë—ã–ª–∞ –≤ –ò–Ω–≤–∏—Ç—Ä–æ, —Ç–∞–º –Ω–µ –¥–µ–ª–∞—é—Ç —Ç–∞–∫–æ–≥–æ –∞–Ω–∞–ª–∏–∑–∞. –ê –ø–æ—Ç–æ–º –∑–∞—à–ª–∞ –≤ —é–Ω–∏–ª–∞–±, —Ç–∞–º —Ç–æ–ª—å–∫–æ –¥–æ 10.00 –∫–∞–ª –ø—Ä–∏–Ω–∏–º–∞—é—Ç, –∫–æ—Ä–æ—á–µ –Ω–∞—à–∏ –∫–∞–∫–∞—à–∫–∏ —É—à–ª–∏ –≤ –ø–æ–º–æ–π–∫—É‚Ä¶ ,http://www.baby.ru/clubs/seoposts/blog/post/488319279/
15.08.2016 00:00:00, ... , –Ω–æ –Ω–µ –ø–æ–ª—É—á–∏–ª–æ—Å—å. –í 9 —á–∞—Å–æ–≤ –ì–¥–µ —Ç–æ –ø–æ–∑–≤–æ–Ω–∏–ª–∞ –≤ –ò–Ω–≤–∏—Ç—Ä–æ –∑–∞–ø–∏—Å–∞–ª–∞—Å—å –Ω–∞ –¥–∏–∞–≥–Ω–æ—Å—Ç–∏–∫—É, —Ö–æ—Ä–æ—à–æ –µ—â—ë, —á—Ç–æ –æ–Ω–∏ ... ,http://www.baby.ru/blogs/post/488156766-286514094/
14.08.2016 00:00:00, ...  –∫–∞–ª—å—Ü–∏–π, –∫–∞–ª—å—Ü–∏–π –∏–æ–Ω–∏–∑–∏—Ä–æ–≤–∞–Ω–Ω—ã–π –∏–ª–∏ –¥—Ä—É–≥–æ–π? –ù–∞ —Å–∞–π—Ç–µ –ò–Ω–≤–∏—Ç—Ä–æ –∏ –°–∏—Ç–∏–ª–∞–±–∞ —Ä–∞–∑–Ω—ã—Ö –ø–æ–ª–Ω–æ, –∫–∞–∫–æ–π –ø–æ–∫–∞–∂–µ—Ç —Ç–æ –Ω–∞–¥–æ ... ,http://www.baby.ru/community/view/73449/forum/post/488048471/
14.08.2016 00:00:00,–ó–¥—Ä–∞–≤—Å—Ç–≤—É–π—Ç–µ! –î–µ–≤–æ—á–∫–∏, —É –∫–æ–≥–æ –±—ã–ª–æ —Ç–∞–∫ –∂–µ ‚Äî —Å–¥–µ–ª–∞–ª–∞ –ø–µ—Ä–≤—ã–π —Å–∫—Ä–∏–Ω–∏–Ω–≥, –ø–æ –£–ó–ò –≤—Å–µ –æ—Ç–ª–∏—á–Ω–æ, –∞ –≤–æ—Ç –ø–æ –∫—Ä–æ–≤–∏ –≤ 2 —Ä–∞–∑–∞ –ø—Ä–µ–≤—ã—à–µ–Ω —É—Ä–æ–≤–µ–Ω—å –•–ì–ß‚Ä¶ –£—Ä–æ–≤–µ–Ω—å –ü–ê–ü–ü –≤ –Ω–æ—Ä–º–µ, –Ω–∞ –≥—Ä–∞—Ñ–∏–∫–µ –º–æ–π —Å—Ç–æ–ª–±–∏–∫ –≤–µ—Ä—Ö—É—à–∫–æ–π —á—É—Ç—å-—á—É—Ç—å –∫–∞—Å–∞–µ—Ç—Å—è –∂–µ–ª—Ç–æ–≥–æ –ø–æ–ª—è‚Ä¶ –û—á–µ–Ω—å –ø–µ—Ä–µ–∂–∏–≤–∞—é –∏–∑-–∑–∞ —ç—Ç–æ–≥–æ, –∞–Ω–∞–ª–∏–∑ —Å–¥–∞–≤–∞–ª–∞ –≤ –∏–Ω–≤–∏—Ç—Ä–æ,http://www.baby.ru/blogs/post/487897937-487840090/
13.08.2016 00:00:00,–ü—Ä–µ–¥—ã—Å—Ç–æ—Ä–∏—è, —É –º–æ–µ–≥–æ –æ—Ç—Ü–∞ –±—ã–ª —Ç—Ä–æ–º–±–æ–∑. –û–Ω —Å–æ–±—Å—Ç–≤–µ–Ω–Ω–æ —É–º–µ—Ä –æ—Ç —Ç—Ä–æ–º–±–∞ –≤ –ª–µ–≥–∫–∏—Ö. –ë—ã–ª–æ –¥–µ–ª–æ –±–æ–ª—å—à–µ 10 –ª–µ—Ç –Ω–∞–∑–∞–¥. –ü–æ—Å–ª–µ —ç—Ç–æ–≥–æ –≤—Ä–∞—á-—Ç–µ—Ä–∞–ø–µ–≤—Ç –Ω–∞—Å —Å —Å–µ—Å—Ç—Ä–æ–π –ø—Ä–æ–≤–µ—Ä—è–ª–∞ –∫–∞–∂–¥—ã–π –≥–æ–¥ –Ω–∞ –Ω–∞–ª–∏—á–∏–µ —Ç—Ä–æ–º–±–æ–≤ (—Ç.–∫. –ù–∞—Å–ª–µ–¥—Å—Ç–≤–µ–Ω–Ω–æ—Å—Ç—å –Ω–∏–∫—Ç–æ –Ω–µ –æ—Ç–º–µ–Ω—è–ª), –≤—Ä–∞—á –±—ã–ª–∞ –æ—á–µ–Ω—å —Ö–æ—Ä–æ—à–µ–π, –¥–∞–≤–∞–ª–∞ –Ω–∞–ø—Ä–∞–≤–ª–µ–Ω–∏—è –Ω–∞ –∞–Ω–∞–ª–∏–∑—ã –∏ —Ç.–¥. –ü–æ—Ç–æ–º –≤—Ä–∞—á —Å–º–µ–Ω–∏–ª–∞—Å—å, —è –≤—ã—à–ª–∞ –∑–∞–º—É–∂, —Å—Ç–∞–ª–∞ —Ä–µ–∂–µ –ø—Ä–æ–≤–µ—Ä—è—Ç—å—Å—è. –ü–æ—Å–ª–µ–¥–Ω–∏–µ –ø–∞—Ä—É –ª–µ—Ç –Ω–µ –ø—Ä–æ–≤–µ—Ä—è–ª–∞—Å—å. –ò –≤–æ—Ç –º–µ—Å—è—Ü —É–∂–µ –ø–æ—á—Ç–∏ —É –º–µ–Ω—è –ø–æ –Ω–æ—á–∞–º —Å–≤–æ–¥–∏—Ç –Ω–æ–≥–∏, –¥–Ω–µ–º —á—É–≤—Å—Ç–≤—É—é —É—Å—Ç–∞–ª–æ—Å—Ç—å, –±–æ–ª—å. –ò–Ω–æ–≥–¥–∞ –Ω–µ –º–æ–≥—É –Ω–∞—Å—Ç—É–ø–∏—Ç—å –Ω–∞ –Ω–æ–≥—É –ª–µ–≤—É—é, –≤ –≤–µ—Ä—Ö–Ω–µ–π —á–∞—Å—Ç–∏ —Å—Ç—É–ø–Ω–∏ –±–æ–ª—å –∏ –±—É–¥—Ç–æ —á—Ç–æ-—Ç–æ –º–µ—à–∞–µ—Ç—Å—è. –ù–æ–≥–∏ –≤—ã–∫—Ä—É—á–∏–≤–∞–µ—Ç. –Ø —Ç–æ—á–Ω–æ –∑–Ω–∞—é, —á—Ç–æ —É –º–µ–Ω—è –±—ã–ª–∞ –≥—É—Å—Ç–∞—è –∫—Ä–æ–≤—å (–ø–∞—Ä—É –º–µ—Å—è—Ü–µ–≤ –Ω–∞–∑–∞–¥ —Å–¥–∞–≤–∞–ª–∞, –∫–æ–≥–¥–∞ –±–æ–ª–µ–ª–∞ –≥—Ä–∏–ø–ø–æ–º), –≤—Ä–∞—á–∏—Ö–∞ –æ—Ç–º–∞—Ö–Ω—É–ª–∞—Å—å –æ—Ç‚Ä¶,http://www.baby.ru/community/view/126276/forum/post/487869025/
13.08.2016 00:00:00,–î–µ–≤–æ—á–∫–∏, –∫—Ç–æ –∑–Ω–∞–µ—Ç, –ø—Ä–∏–Ω–∏–º–∞—é—Ç –ª–∏ –≤ –ò–Ω–≤–∏—Ç—Ä–æ –∞–Ω–∞–ª–∏–∑—ã –∫—Ä–æ–≤–∏ —É –¥–µ—Ç–µ–π? –ù–∞ —Å–∞–π—Ç–µ —É –Ω–∏—Ö –ª–∏–±–æ –Ω–µ –Ω–∞–ø–∏—Å–∞–Ω–æ, –ª–∏–±–æ —è –Ω–µ –≤–∏–∂—É‚Ä¶,http://www.baby.ru/blogs/post/487841524-27404480/
13.08.2016 00:00:00, ...  —Å–∏—Ñ–∏–ª–∏—Å ‚Äî –ø–æ—à–ª–∞ –ø–µ—Ä–µ—Å–¥–∞–≤–∞—Ç—å —Ç—É–¥–∞ –∂–µ –∏ –ø–ª—é—Å –µ—â—ë –≤ –∏–Ω–≤–∏—Ç—Ä–æ –∏ –≤—Å–µ –∞–Ω–∞–ª–∏–∑—ã –ø–æ–¥—Ç–≤–µ—Ä–¥–∏–ª–∏—Å—å ‚Äî –≤–Ω–µ—à–Ω–µ –Ω–∏–∫–∞–∫–∏—Ö –ø—Ä–∏–∑–Ω–∞–∫–æ–≤ –Ω–µ—Ç ... ,http://www.baby.ru/blogs/post/487770616-44182356/
13.08.2016 00:00:00, ...  –±–µ—Ä–µ–º–µ–Ω–µ—é—Ç, –Ω–æ —è –Ω–µ —Ö–æ—Ç–µ–ª–∞ –≥–æ—Ä–º–æ–Ω—ã –ø–æ–¥–∫–ª—é—á–∞—Ç—å‚Ä¶–ö—Å—Ç–∞—Ç–∏, –ò–Ω–≤–∏—Ç—Ä–æ –º–æ–ª–æ–¥—Ü—ã, —Ä–µ–∑—É–ª—å—Ç–∞—Ç –Ω–∞ –ø–æ—á—Ç—É –ø—Ä–∏—à—ë–ª —É–∂–µ —á–µ—Ä–µ–∑ ... ,http://www.baby.ru/blogs/post/487716022-452653219/
12.08.2016 00:00:00,–£ –≤—Ä–∞—á–∞ –±—ã–ª–∏. –û–Ω –≤–æ–æ–±—â–µ –Ω–µ –Ω–∞–∑–Ω–∞—á–∞–µ—Ç. –í –∏–Ω–≤–∏—Ç—Ä–æ –ø–æ—Å—ã–ª–∞—é—Ç –∫ –≤—Ä–∞—á—É. –µ—Å—Ç–µ—Å—Ç–≤–µ–Ω–Ω–æ)) –ò –≥–æ–≤–æ—Ä—è—Ç, —á—Ç–æ –≤—Ä–∞—á –¥–æ–ª–∂–µ–Ω  ... ,http://www.baby.ru/blogs/post/487576597-117627548/
11.08.2016 00:00:00, ...  –Ω–∞–≤–µ—Ä–Ω–æ–µ –Ω–µ—Ä–µ–∞–ª—å–Ω–æ.–Ω–æ —Å–∫–∞–∑–∞–ª–∏ –∫–æ–Ω—Å—É–ª—å—Ç–∏—Ä–æ–≤–∞—Ç—å—Å—è —Å –≤—Ä–∞—á–æ–º.–ø–æ–∑–≤–æ–Ω–∏–ª–∞ –≤ –∏–Ω–≤–∏—Ç—Ä–æ, —Ç–∞–º —Å–∫–∞–∑–∞–ª–∏ –Ω–∞ –∫–∞–Ω—É–Ω–µ –∂–µ–ª–∞—Ç–µ–ª—å–Ω–æ –Ω–µ –ø—Ä–∏–Ω–∏–º–∞—Ç—å ...  –ª–∏ –∫–∞–∫ —Ç–æ —ç—Ç–∞ —Ç–∞–±–ª–µ—Ç–∫–∞ –Ω–∞ —Ä–µ–∑—É–ª—å—Ç–∞—Ç? –≤ –∏–Ω–≤–∏—Ç—Ä–æ —Å–∫–∞–∑–∞–ª–∏ —á—Ç–æ –º–æ–∂–µ—Ç –∏ –Ω–µ –ø–æ–≤–ª–∏—è—Ç—å, ‚Ä¶,http://www.baby.ru/blogs/post/487461920-80842673/
11.08.2016 00:00:00, ... , —Å—Ç–æ–∏—Ç –∏–ª–∏ –Ω–µ—Ç —Å–¥–∞–≤–∞—Ç—å –∏–∑ –≤–µ–Ω–∫–∏ –ø–ª–∞—Ç–Ω–æ –≤ –∏–Ω–≤–∏—Ç—Ä–æ?,http://www.baby.ru/blogs/post/487445491-486191685/
09.08.2016 00:00:00, ... , –≤ —Å–ª–µ–¥—É—é—â–µ–º –º–µ—Å—è—Ü–µ –≤–æ–∑–æ–±–Ω–æ–≤–ª—è–µ–º –ø–ª–∞–Ω–∏—Ä–æ–≤–∞–Ω–∏–µ. –í—á–µ—Ä–∞ —Å–¥–∞–ª–∞ –º–∞–∑–æ–∫ –≤ –∏–Ω–≤–∏—Ç—Ä–æ –¥–ª—è —Å–∞–º–æ–∫–æ–Ω—Ç—Ä–æ–ª—è. –î–æ —ç—Ç–æ–≥–æ —Å–¥–∞–≤–∞–ª–∞ –≤ –º–∞–µ –ø–µ—Ä–µ–¥ ... ,http://www.baby.ru/community/view/22621/forum/post/487151076/
09.08.2016 00:00:00,–ò—Ö –æ–±—è–∑–∞—Ç–µ–ª—å–Ω–æ –Ω–∞–¥–æ –≤ —Å–≤–æ–µ–π –ø–æ–ª–∏–∫–ª–∏–Ω–∏–∫–µ —Å–¥–∞–≤–∞—Ç—å? –ò–ª–∏ –º–æ–∂–Ω–æ –ø–æ–π—Ç–∏ –≤ –∫–∞–∫–æ–π –Ω–∏–±—É–¥—å –º–µ–¥ —Ü–µ–Ω—Ç—Ä, —Ç–∞–º —Å–¥–∞—Ç—å –∏ –ø—Ä–∏–Ω–µ—Å—Ç–∏ —Ä–µ–∑—É–ª—å—Ç–∞—Ç—ã –ø–µ–¥–∏–∞—Ç—Ä—É? –ê —Ç–æ —Å –¥–≤—É–º—è –¥–µ—Ç—å–º–∏ —Å—Ç–æ—è—Ç—å –≤ –æ—á–µ—Ä–µ–¥–∏ —Ç–æ –µ—â–µ —É–¥–æ–≤–æ–ª—å—Å—Ç–≤–∏–µ‚Ä¶ –ò—Ö –ø—Ä–∏–º—É—Ç? –ò–Ω–≤–∏—Ç—Ä–æ –∏–ª–∏ —Ç–æ–º—É –ø–æ–¥–æ–±–Ω–æ–µ,http://www.baby.ru/blogs/post/487081018-26264816/
09.08.2016 00:00:00, ...  –Ω–∏—á–µ–≥–æ –Ω–µ –Ω–∞—Ö–æ–¥—è—Ç. –í–æ—Ç –∏ —Å–µ–π—á–∞—Å –≤ –ø–æ–ª–∏–∫–ª–∏–Ω–∏–∫–µ –Ω–∞—à–ª–∏, –∞ –≤ –ò–Ω–≤–∏—Ç—Ä–æ ‚Äî –Ω–µ—Ç. –í–µ—Ä—é –≤ –ª—É—á—à–µ–µ. –ü—É—Å—Ç—å –≤—Å–µ –±—É–¥–µ—Ç —Ö–æ—Ä–æ—à–æ‚Ä¶,http://www.baby.ru/blogs/post/487043032-322471795/